frame,gates,train,tx1,ty1,tx2,ty2,tid,x1,y1,x2,y2,ioa
1,0,0,,,,,5,1208.3,475.6,1315.2,806.6,0.0
2,0,0,,
3,0,0,,
4,0,0,,
5,0,0,,
6,0,0,,
7,0,0,,
8,0,0,,
9,0,0,,
10,0,0,,
11,0,0,,
12,0,0,,
13,0,0,,
14,0,0,,
15,0,0,,
16,0,0,,
17,0,0,,
18,0,0,,
19,0,0,,
20,0,0,,
21,0,0,,
22,0,0,,
23,0,0,,
24,0,0,,
25,0,0,,
26,0,0,,
27,0,0,,
28,0,0,,
29,0,0,,
30,0,0,,,,,5,1209.8,474.7,1317.5,804.2,0.0
31,0,0,,,,,5,1210.0,475.3,1318.4,804.8,0.0
32,0,0,,,,,5,1208.9,474.8,1319.4,809.7,0.0
33,0,0,,,,,5,1208.3,473.9,1319.8,811.9,0.0
34,0,0,,,,,5,1207.5,474.4,1318.2,810.3,0.0
35,0,0,,,,,5,1206.8,474.6,1317.2,810.2,0.0
36,0,0,,,,,5,1205.8,475.0,1315.6,810.0,0.0
37,0,0,,,,,5,1205.8,475.1,1315.5,809.9,0.0
38,0,0,,,,,5,1206.7,475.1,1316.7,810.0,0.0
39,0,0,,,,,5,1206.7,474.6,1317.3,810.6,0.0
40,0,0,,,,,5,1206.5,474.9,1317.5,810.6,0.0
41,0,0,,,,,5,1206.8,473.7,1318.6,811.5,0.0
42,0,0,,,,,5,1206.8,472.8,1319.3,812.1,0.0
43,0,0,,,,,5,1207.3,472.9,1319.8,812.0,0.0
44,0,0,,,,,5,1208.2,473.7,1320.2,810.8,0.0
45,0,0,,,,,5,1208.4,473.8,1320.2,810.1,0.0
46,0,0,,,,,5,1208.3,474.2,1320.1,810.0,0.0
47,0,0,,,,,5,1208.1,474.4,1320.0,810.2,0.0
48,0,0,,,,,5,1208.0,474.8,1319.9,810.4,0.0
49,0,0,,
50,0,0,,
51,0,0,,
52,0,0,,
53,0,0,,
54,0,0,,
55,0,0,,
56,0,0,,
57,0,0,,
58,0,0,,
59,0,0,,
60,0,0,,
61,0,0,,
62,0,0,,
63,0,0,,
64,0,0,,
65,0,0,,
66,0,0,,
67,0,0,,
68,0,0,,
69,0,0,,
70,0,0,,
71,0,0,,
72,0,0,,
73,0,0,,
74,0,0,,
75,0,0,,
76,0,0,,
77,0,0,,
78,0,0,,
79,0,0,,
80,0,0,,
81,0,0,,
82,0,0,,
83,0,0,,
84,0,0,,
85,0,0,,,,,18,1207.8,474.6,1321.0,808.0,0.0
86,0,0,,,,,18,1207.7,474.7,1320.8,807.9,0.0
87,0,0,,,,,18,1208.0,474.6,1320.9,807.4,0.0
88,0,0,,,,,18,1208.0,474.7,1321.0,807.7,0.0
89,0,0,,
90,0,0,,
91,0,0,,
92,0,0,,
93,0,0,,
94,0,0,,
95,0,0,,
96,0,0,,
97,0,0,,
98,0,0,,
99,0,0,,
100,0,0,,
101,0,0,,
102,0,0,,
103,0,0,,
104,0,0,,
105,0,0,,
106,0,0,,
107,0,0,,
108,0,0,,
109,0,0,,
110,0,0,,
111,0,0,,
112,0,0,,
113,0,0,,
114,0,0,,
115,0,0,,
116,0,0,,
117,0,0,,
118,0,0,,
119,0,0,,
120,0,0,,
121,0,0,,
122,0,0,,
123,0,0,,,,,25,1776.7,573.5,1808.4,652.8,0.6132
124,0,0,,,,,25,1775.3,572.4,1807.3,652.7,0.6075
125,0,0,,,,,25,1773.5,571.9,1805.8,652.8,0.6283
126,0,0,,,,,25,1771.6,570.7,1804.7,654.0,0.7257
127,0,0,,,,,25,1769.0,568.1,1803.6,656.1,0.8593
128,0,0,,,,,25,1767.5,569.8,1801.4,656.2,0.8983
129,0,0,,,,,25,1766.9,570.3,1799.1,652.7,0.6803
130,0,0,,,,,25,1765.5,570.4,1798.1,654.5,0.8204
131,0,0,,,,,25,1764.7,571.0,1797.3,655.6,0.9042
131,0,0,,,,,26,1796.8,574.1,1829.7,654.4,0.5206
132,0,0,,,,,25,1764.4,571.1,1797.1,656.6,0.9478
132,0,0,,,,,26,1797.0,574.5,1829.3,653.4,0.4492
133,0,0,,,,,25,1763.3,570.1,1796.0,656.1,0.9304
133,0,0,,,,,26,1796.2,575.0,1828.1,652.9,0.4176
134,0,0,,,,,25,1762.3,567.5,1795.6,655.8,0.8992
134,0,0,,,,,26,1795.7,574.8,1826.9,651.0,0.2747
135,0,0,,,,,25,1762.0,567.1,1794.6,654.7,0.8364
135,0,0,,,,,26,1794.6,574.3,1826.5,652.4,0.3907
136,0,0,,,,,26,1795.1,574.7,1825.9,649.9,0.1908
137,0,0,,,,,26,1793.4,575.3,1826.0,655.0,0.6121
138,0,0,,
139,0,0,,,,,25,1759.0,565.5,1789.8,649.1,0.4671
140,0,0,,,,,25,1760.1,564.5,1786.8,636.3,0.0
140,0,0,,,,,26,1790.0,575.6,1822.6,655.7,0.7043
141,0,0,,,,,25,1760.3,565.0,1784.2,628.2,0.0
141,0,0,,,,,26,1788.4,574.1,1821.7,656.4,0.7529
142,0,0,,,,,25,1759.0,565.4,1782.8,627.4,0.0
142,0,0,,,,,26,1787.9,573.4,1821.0,655.5,0.6907
142,0,0,,,,,28,1756.6,566.1,1785.9,653.9,0.8452
143,0,0,,,,,25,1758.7,566.3,1781.7,624.9,0.0
143,0,0,,,,,26,1787.8,574.4,1820.3,655.6,0.7045
144,0,0,,,,,25,1758.7,567.7,1781.0,623.7,0.0
145,0,0,,,,,25,1758.1,568.1,1780.6,623.4,0.0
145,0,0,,,,,28,1755.4,568.5,1785.2,656.9,0.9907
146,0,0,,,,,25,1757.6,568.0,1779.9,621.7,0.0
147,0,0,,,,,25,1757.6,569.6,1778.4,618.2,0.0
147,0,0,,,,,26,1785.2,574.9,1817.4,656.1,0.7778
148,0,0,,,,,25,1757.0,570.6,1777.3,616.9,0.0
148,0,0,,,,,30,1203.9,474.6,1326.1,797.5,0.0
148,0,0,,,,,26,1781.6,575.1,1814.0,657.6,0.9131
149,0,0,,,,,25,1756.4,570.4,1777.2,616.7,0.0
149,0,0,,,,,30,1202.9,474.5,1327.9,804.8,0.0
149,0,0,,,,,26,1780.4,574.9,1812.7,658.2,0.9449
150,0,0,,,,,30,1201.7,474.7,1328.2,808.8,0.0
151,0,0,,,,,29,0.0,616.4,158.2,832.4,0.0
151,0,0,,,,,30,1200.5,474.8,1327.7,810.6,0.0
151,0,0,,,,,25,1753.3,568.0,1778.4,622.2,0.0
152,0,0,,,,,29,0.0,618.2,147.5,832.1,0.0
152,0,0,,,,,30,1200.2,474.9,1327.5,811.0,0.0
152,0,0,,,,,25,1752.7,567.5,1778.7,623.4,0.0
153,0,0,,,,,29,0.0,620.9,124.4,819.5,0.0
153,0,0,,,,,30,1200.7,475.3,1326.9,807.9,0.0
153,0,0,,,,,25,1750.1,567.4,1779.0,630.0,0.0
153,0,0,,,,,26,1777.6,573.4,1810.7,659.3,0.9811
154,0,0,,,,,30,1202.3,475.6,1328.8,808.9,0.0
154,0,0,,,,,25,1747.4,566.2,1779.1,635.3,0.0
154,0,0,,,,,26,1777.4,573.1,1810.0,658.0,0.9417
155,0,0,,,,,30,1201.0,475.5,1328.2,810.0,0.0
155,0,0,,,,,25,1745.3,564.4,1779.3,639.4,0.0
155,0,0,,,,,26,1777.5,573.9,1809.1,655.4,0.7973
156,0,0,,,,,30,1202.5,475.1,1330.1,809.2,0.0
156,0,0,,,,,25,1743.8,563.3,1780.8,646.2,0.3623
156,0,0,,,,,26,1777.2,572.5,1809.2,654.9,0.7558
157,0,0,,,,,30,1203.7,474.7,1331.6,808.0,0.0
157,0,0,,,,,25,1743.4,563.6,1780.0,646.6,0.4027
157,0,0,,,,,26,1777.1,572.8,1808.9,654.3,0.7109
158,0,0,,,,,30,1203.1,474.3,1331.8,808.2,0.0
158,0,0,,,,,25,1744.1,563.8,1778.1,641.5,0.0459
158,0,0,,,,,26,1777.5,573.9,1808.6,653.7,0.682
159,0,0,,,,,30,1202.8,474.5,1332.0,807.6,0.0
159,0,0,,,,,25,1743.9,563.3,1777.5,640.4,0.0123
159,0,0,,,,,26,1777.2,573.5,1808.9,654.8,0.7582
160,0,0,,,,,30,1203.3,474.4,1332.8,806.8,0.0
160,0,0,,,,,25,1742.4,563.7,1776.5,642.8,0.1329
160,0,0,,,,,26,1775.8,573.2,1808.1,656.1,0.8573
161,0,0,,,,,30,1201.7,474.3,1332.3,808.8,0.0
161,0,0,,,,,25,1743.5,563.8,1774.4,635.2,0.0
161,0,0,,,,,26,1775.8,573.2,1808.3,656.7,0.8904
162,0,0,,,,,30,1201.7,474.6,1333.4,810.4,0.0
162,0,0,,,,,25,1743.5,565.1,1773.0,633.2,0.0
162,0,0,,,,,26,1776.1,573.7,1808.3,656.5,0.8839
163,0,0,,,,,30,1202.0,474.7,1334.7,810.5,0.0
163,0,0,,,,,25,1743.5,565.4,1772.0,631.6,0.0
163,0,0,,,,,26,1775.9,574.0,1808.2,656.8,0.9058
164,0,0,,,,,30,1202.7,474.7,1336.1,808.8,0.0
164,0,0,,,,,25,1740.9,566.2,1773.7,643.3,0.1918
164,0,0,,,,,26,1776.1,574.4,1808.1,656.1,0.8642
165,0,0,,,,,30,1203.1,475.1,1336.2,804.9,0.0
165,0,0,,,,,25,1738.6,566.3,1774.4,651.3,0.8133
165,0,0,,,,,26,1776.1,574.8,1808.2,656.4,0.8897
166,0,0,,,,,30,1203.0,475.3,1336.1,801.7,0.0
166,0,0,,,,,25,1738.4,566.7,1774.9,654.4,0.9648
166,0,0,,,,,26,1776.7,574.1,1808.7,655.7,0.8289
167,0,0,,,,,30,1201.4,474.8,1337.1,806.2,0.0
167,0,0,,,,,25,1737.9,565.6,1775.0,655.3,0.9832
167,0,0,,,,,26,1776.7,573.4,1808.9,655.6,0.8148
168,0,0,,,,,25,1737.1,565.2,1773.7,654.3,0.9629
168,0,0,,,,,26,1776.3,573.0,1808.9,656.7,0.8843
169,1,0,,,,,25,1736.8,564.8,1770.7,648.1,0.6032
169,1,0,,,,,26,1776.1,573.0,1808.6,657.1,0.9076
170,0,0,,,,,25,1736.4,564.0,1768.0,641.4,0.0977
170,0,0,,,,,26,1775.9,573.1,1808.4,657.6,0.9338
171,0,0,,,,,25,1734.5,563.7,1768.4,647.5,0.5708
171,0,0,,,,,26,1775.7,573.2,1808.3,658.0,0.9512
172,1,0,,,,,25,1734.0,563.7,1767.2,645.9,0.4665
172,1,0,,,,,26,1775.8,573.1,1808.2,657.8,0.9459
173,1,0,,,,,25,1732.9,563.1,1766.9,647.3,0.5675
173,1,0,,,,,26,1775.5,572.8,1808.0,657.8,0.9456
174,1,0,,,,,25,1732.3,562.4,1766.8,648.3,0.6407
174,1,0,,,,,26,1775.5,572.5,1807.6,656.6,0.8848
175,1,0,,,,,25,1731.5,562.5,1766.8,650.6,0.7985
175,1,0,,,,,26,1775.3,572.8,1807.3,656.7,0.8951
176,1,0,,,,,25,1731.4,562.2,1765.7,648.0,0.6285
176,1,0,,,,,26,1775.4,573.2,1807.4,657.2,0.9216
177,1,0,,,,,26,1775.5,573.6,1807.4,657.7,0.9487
178,1,0,,,,,26,1775.2,573.3,1807.4,658.5,0.9725
179,0,0,,,,,26,1775.0,573.0,1807.2,658.6,0.9745
179,0,0,,,,,25,1731.4,564.1,1761.1,638.7,0.0096
180,1,0,,,,,26,1774.4,572.2,1806.8,658.7,0.9769
180,1,0,,,,,25,1730.4,565.9,1761.9,645.7,0.5096
181,1,0,,,,,26,1773.7,570.9,1806.6,659.2,0.9844
181,1,0,,,,,25,1730.3,566.5,1761.6,646.4,0.5715
182,1,0,,,,,26,1773.6,570.3,1806.7,659.7,0.9905
182,1,0,,,,,25,1730.2,565.3,1761.2,644.7,0.4323
183,0,0,,,,,26,1773.7,569.2,1807.2,660.4,0.9958
183,0,0,,,,,25,1730.4,564.8,1760.5,642.3,0.2415
184,1,0,,,,,26,1773.9,567.9,1807.6,660.2,0.991
184,1,0,,,,,25,1730.4,562.4,1760.0,638.8,0.0161
185,1,0,,,,,26,1774.2,567.4,1807.6,659.4,0.9704
185,1,0,,,,,25,1729.8,561.1,1760.6,641.1,0.1307
186,1,0,,,,,26,1774.2,567.8,1807.6,660.0,0.9871
186,1,0,,,,,25,1728.5,561.0,1761.5,647.2,0.5943
187,1,0,,,,,26,1774.2,567.5,1807.7,660.2,0.9895
187,1,0,,,,,25,1727.4,560.9,1761.7,651.1,0.8627
188,1,0,,,,,26,1774.5,566.9,1808.2,660.8,0.9951
188,1,0,,,,,25,1727.8,561.8,1760.8,648.9,0.7257
189,1,0,,,,,26,1774.6,566.3,1808.7,661.9,1.0
189,1,0,,,,,25,1728.0,561.8,1759.9,645.7,0.5056
190,1,0,,,,,26,1774.8,566.6,1808.6,661.9,1.0
190,1,0,,,,,25,1726.5,561.1,1760.8,652.1,0.9201
191,1,0,,,,,26,1774.7,567.7,1808.4,663.5,1.0
191,1,0,,,,,25,1726.0,561.2,1760.5,652.8,0.9512
192,1,0,,,,,26,1774.6,567.7,1808.6,665.4,1.0
192,1,0,,,,,25,1725.2,561.2,1758.4,649.3,0.772
193,1,0,,,,,26,1774.7,567.7,1808.7,666.7,1.0
193,1,0,,,,,25,1724.1,560.6,1757.4,649.1,0.7638
194,1,0,,,,,26,1774.8,567.8,1808.7,667.1,1.0
194,1,0,,,,,25,1723.6,560.4,1757.0,649.0,0.7603
195,1,0,,,,,26,1775.0,568.4,1808.7,668.0,1.0
195,1,0,,,,,25,1724.3,561.0,1757.6,649.1,0.765
196,1,0,,,,,26,1775.1,569.6,1808.3,668.2,1.0
196,1,0,,,,,25,1723.2,562.2,1756.9,651.3,0.9196
197,1,0,,,,,26,1775.1,569.9,1807.8,667.2,1.0
197,1,0,,,,,25,1722.6,561.1,1756.0,648.9,0.7692
198,1,0,,,,,26,1775.4,568.9,1807.4,664.5,1.0
198,1,0,,,,,25,1721.9,560.0,1755.5,648.4,0.734
199,1,0,,,,,26,1775.2,567.6,1807.3,663.6,1.0
199,1,0,,,,,25,1721.0,559.6,1754.8,648.6,0.7526
200,1,0,,,,,26,1775.2,566.7,1807.5,663.4,1.0
200,1,0,,,,,25,1719.5,559.8,1753.6,649.4,0.8166
201,1,0,,,,,26,1774.8,566.2,1807.9,665.7,1.0
201,1,0,,,,,25,1718.1,559.3,1753.8,653.1,0.9811
202,1,0,,,,,26,1775.1,566.5,1808.2,665.4,1.0
202,1,0,,,,,25,1717.1,558.7,1753.7,655.3,1.0
203,1,0,,,,,26,1775.2,566.9,1808.4,665.8,1.0
203,1,0,,,,,25,1716.1,558.7,1753.5,657.6,1.0
204,1,0,,,,,26,1774.8,567.2,1808.3,666.2,1.0
204,1,0,,,,,25,1715.7,558.9,1753.3,658.3,1.0
205,1,0,,,,,26,1773.8,567.9,1808.0,668.2,1.0
205,1,0,,,,,25,1715.9,559.2,1753.1,657.6,1.0
206,1,0,,,,,26,1773.4,569.7,1807.3,669.1,1.0
206,1,0,,,,,25,1715.6,559.3,1751.9,655.2,1.0
207,1,0,,,,,26,1773.2,571.6,1806.5,668.4,1.0
207,1,0,,,,,25,1714.9,558.6,1751.4,654.8,1.0
208,1,0,,,,,26,1772.1,572.0,1807.3,674.8,1.0
208,1,0,,,,,25,1713.9,557.6,1751.3,656.1,1.0
209,1,0,,,,,26,1772.1,572.9,1807.3,675.4,1.0
209,1,0,,,,,25,1711.8,556.8,1751.8,662.1,1.0
210,1,0,,,,,26,1772.7,574.3,1806.6,672.9,1.0
210,1,0,,,,,25,1707.9,556.9,1751.6,671.8,1.0
211,1,0,,,,,26,1772.8,575.6,1806.0,672.0,1.0
212,1,0,,,,,26,1773.0,575.4,1805.9,670.8,1.0
212,1,0,,,,,25,1706.3,558.8,1751.0,676.6,1.0
213,1,0,,,,,26,1772.9,574.4,1806.1,670.9,1.0
213,1,0,,,,,25,1707.6,559.0,1749.4,669.3,1.0
214,1,0,,,,,26,1772.3,573.0,1806.7,673.6,1.0
215,1,0,,,,,26,1772.2,571.5,1807.8,676.2,1.0
215,1,0,,,,,25,1703.7,559.3,1747.7,676.0,1.0
216,1,0,,,,,26,1772.7,569.3,1808.8,676.3,1.0
216,1,0,,,,,25,1703.0,559.4,1747.5,678.4,1.0
217,1,0,,,,,26,1772.9,567.5,1809.9,678.6,1.0
217,1,0,,,,,25,1702.7,558.4,1748.0,680.2,1.0
218,1,0,,,,,26,1773.0,567.1,1810.2,679.7,1.0
218,1,0,,,,,25,1702.4,557.0,1748.5,681.4,1.0
219,1,0,,,,,26,1773.3,566.9,1810.1,679.2,1.0
219,1,0,,,,,25,1701.5,556.3,1748.1,682.6,1.0
220,1,0,,,,,26,1773.6,567.0,1810.4,680.1,1.0
220,1,0,,,,,25,1701.2,556.2,1747.9,683.6,1.0
220,1,0,,,,,33,1184.1,470.6,1322.3,813.5,0.0
221,1,0,,,,,26,1773.5,567.1,1810.4,681.2,1.0
221,1,0,,,,,25,1701.5,555.7,1748.0,683.0,1.0
222,1,0,,,,,26,1773.7,568.8,1810.0,680.8,1.0
222,1,0,,,,,25,1702.2,555.2,1747.8,680.7,1.0
223,1,0,,,,,26,1774.2,570.2,1810.0,681.1,1.0
223,1,0,,,,,25,1702.3,555.1,1747.3,679.1,1.0
224,1,0,,,,,26,1774.1,571.0,1810.3,683.6,1.0
224,1,0,,,,,25,1701.9,555.5,1746.7,679.0,1.0
225,1,0,,,,,26,1774.6,572.1,1810.6,684.1,1.0
225,1,0,,,,,25,1702.1,557.7,1745.7,678.1,1.0
225,1,0,,,,,33,1186.4,470.4,1324.6,814.1,0.0
226,1,0,,,,,26,1774.8,572.7,1810.5,683.4,1.0
226,1,0,,,,,25,1702.1,558.9,1745.2,678.1,1.0
226,1,0,,,,,33,1190.4,471.8,1327.4,814.3,0.0
227,1,0,,,,,26,1774.8,572.8,1810.5,683.4,1.0
227,1,0,,,,,25,1701.4,559.9,1744.5,679.5,1.0
227,1,0,,,,,33,1192.7,472.1,1328.7,814.0,0.0
228,1,0,,,,,26,1774.7,573.1,1810.4,683.8,1.0
228,1,0,,,,,25,1701.8,560.2,1744.3,678.7,1.0
228,1,0,,,,,33,1191.4,471.6,1327.2,814.2,0.0
229,1,0,,,,,26,1774.8,573.3,1810.4,683.4,1.0
229,1,0,,,,,25,1702.2,558.7,1744.0,675.5,1.0
229,1,0,,,,,33,1191.9,471.5,1327.3,814.4,0.0
230,1,0,,,,,26,1775.3,574.0,1810.1,680.8,1.0
230,1,0,,,,,25,1701.3,557.9,1744.1,677.6,1.0
230,1,0,,,,,33,1193.3,471.6,1327.8,814.2,0.0
231,1,0,,,,,26,1775.9,572.5,1810.5,677.9,1.0
231,1,0,,,,,25,1700.7,557.2,1743.9,678.8,1.0
232,1,0,,,,,26,1776.0,571.8,1810.6,676.0,1.0
232,1,0,,,,,25,1700.1,557.2,1742.9,678.0,1.0
232,1,0,,,,,33,1196.3,471.3,1329.4,813.7,0.0
233,1,0,,,,,26,1775.4,570.3,1811.9,680.4,1.0
233,1,0,,,,,25,1698.5,557.4,1742.3,681.6,1.0
234,1,0,,,,,26,1775.2,569.8,1812.4,682.0,1.0
234,1,0,,,,,25,1697.9,557.5,1742.0,682.9,1.0
235,1,0,,,,,26,1775.3,569.8,1811.3,677.2,1.0
235,1,0,,,,,25,1697.5,557.9,1741.8,684.6,1.0
236,1,0,,,,,26,1773.8,569.4,1812.1,683.9,1.0
236,1,0,,,,,25,1696.9,558.1,1741.0,685.1,1.0
237,1,0,,,,,26,1772.9,569.2,1812.0,685.5,1.0
237,1,0,,,,,25,1696.1,557.4,1740.7,686.5,1.0
238,1,0,,,,,26,1772.3,569.7,1811.8,687.0,1.0
238,1,0,,,,,25,1696.4,557.4,1740.6,686.0,1.0
239,1,0,,,,,26,1772.1,570.7,1811.2,686.0,1.0
239,1,0,,,,,25,1697.0,557.4,1740.3,684.0,1.0
240,1,0,,,,,26,1772.1,570.7,1811.5,686.3,1.0
240,1,0,,,,,25,1697.3,558.1,1740.3,684.6,1.0
241,1,0,,,,,26,1772.1,571.6,1811.5,687.2,1.0
241,1,0,,,,,25,1697.2,558.3,1740.0,684.9,1.0
242,1,0,,,,,26,1772.4,572.8,1811.2,686.2,1.0
242,1,0,,,,,25,1697.0,558.9,1739.7,685.0,1.0
243,1,0,,,,,26,1771.8,572.6,1811.2,687.9,1.0
243,1,0,,,,,25,1696.8,558.7,1739.4,685.2,1.0
244,1,0,,,,,26,1771.1,572.7,1810.7,688.5,1.0
244,1,0,,,,,25,1696.4,558.6,1738.6,684.4,1.0
245,1,0,,,,,26,1770.2,572.9,1810.6,691.6,1.0
245,1,0,,,,,25,1696.5,558.7,1738.3,683.6,1.0
245,1,0,,,,,34,440.4,443.2,478.0,518.1,0.0
246,1,0,,,,,26,1769.4,573.6,1810.4,694.3,1.0
246,1,0,,,,,25,1696.1,559.6,1738.5,686.6,1.0
246,1,0,,,,,34,440.4,443.2,478.0,518.1,0.0
246,1,0,,,,,33,1158.2,460.3,1315.0,814.5,0.0
247,1,0,,,,,26,1769.3,574.0,1809.7,693.6,1.0
247,1,0,,,,,25,1696.2,560.3,1738.5,688.1,1.0
248,1,0,,,,,26,1769.9,574.2,1809.2,690.1,1.0
248,1,0,,,,,25,1696.3,561.4,1738.4,689.3,1.0
249,1,0,,,,,26,1769.8,574.1,1808.9,689.7,1.0
249,1,0,,,,,25,1696.4,561.6,1738.2,689.7,1.0
249,1,0,,,,,34,440.5,443.2,478.0,518.2,0.0
250,1,0,,,,,26,1769.2,574.3,1809.2,693.3,1.0
250,1,0,,,,,25,1696.6,563.0,1737.5,689.4,1.0
251,1,0,,,,,26,1768.7,574.6,1809.1,695.2,1.0
251,1,0,,,,,25,1696.1,563.8,1736.4,689.5,1.0
252,1,0,,,,,26,1768.4,574.8,1809.3,697.4,1.0
252,1,0,,,,,25,1695.7,564.1,1735.5,688.6,1.0
253,1,0,,,,,26,1768.6,574.8,1809.2,697.0,1.0
253,1,0,,,,,25,1695.9,565.1,1734.5,686.5,1.0
253,1,0,,,,,34,440.5,443.3,478.0,518.1,0.0
254,1,0,,,,,26,1769.4,574.7,1808.3,692.0,1.0
254,1,0,,,,,25,1695.0,565.4,1734.2,688.9,1.0
255,1,0,,,,,26,1768.7,574.6,1808.6,695.7,1.0
255,1,0,,,,,25,1694.7,566.1,1733.9,690.1,1.0
256,1,0,,,,,26,1768.4,574.5,1808.4,696.6,1.0
256,1,0,,,,,25,1694.5,565.5,1733.8,690.4,1.0
256,1,0,,,,,34,440.5,443.3,478.0,518.1,0.0
257,1,0,,,,,26,1767.9,574.3,1808.6,699.3,1.0
257,1,0,,,,,25,1695.2,565.6,1733.4,687.1,1.0
257,1,0,,,,,34,440.6,443.6,478.0,518.1,0.0
258,1,0,,,,,26,1767.3,574.6,1808.1,701.0,1.0
258,1,0,,,,,25,1695.0,565.2,1732.9,686.1,1.0
258,1,0,,,,,34,440.7,443.7,478.0,518.1,0.0
259,1,0,,,,,26,1767.7,575.8,1807.7,699.9,1.0
259,1,0,,,,,25,1694.6,564.4,1732.1,684.0,1.0
259,1,0,,,,,34,440.7,443.6,478.1,518.1,0.0
260,1,0,,,,,26,1767.9,576.0,1807.8,700.5,1.0
260,1,0,,,,,25,1694.2,563.4,1732.0,684.2,1.0
260,1,0,,,,,34,440.7,443.6,478.1,518.1,0.0
261,1,0,,,,,26,1768.1,576.3,1808.0,701.3,1.0
261,1,0,,,,,25,1693.4,562.9,1731.6,684.8,1.0
261,1,0,,,,,34,440.7,443.6,478.1,518.1,0.0
262,1,0,,,,,26,1768.1,576.3,1808.0,701.5,1.0
262,1,0,,,,,25,1692.8,562.7,1731.1,685.3,1.0
262,1,0,,,,,34,440.7,443.7,478.1,518.0,0.0
263,1,0,,,,,26,1768.2,576.5,1807.7,700.7,1.0
263,1,0,,,,,25,1692.7,564.3,1730.8,685.7,1.0
263,1,0,,,,,34,440.7,443.7,478.1,518.0,0.0
264,1,0,,,,,26,1768.8,577.1,1806.9,696.7,1.0
264,1,0,,,,,25,1691.8,564.8,1730.1,685.7,1.0
264,1,0,,,,,34,440.7,443.7,478.1,518.0,0.0
264,1,0,,,,,33,1167.6,464.3,1366.0,815.4,0.0
265,1,0,,,,,26,1769.0,577.8,1805.5,691.5,1.0
265,1,0,,,,,25,1691.0,566.1,1728.8,685.6,1.0
265,1,0,,,,,34,440.6,443.7,478.1,518.0,0.0
265,1,0,,,,,33,1170.5,465.3,1369.8,815.4,0.0
266,1,0,,,,,26,1767.8,578.4,1804.8,692.8,1.0
266,1,0,,,,,25,1690.5,566.5,1728.3,685.4,1.0
266,1,0,,,,,34,440.6,443.7,478.1,518.0,0.0
266,1,0,,,,,33,1173.5,467.6,1372.2,815.1,0.0
267,1,0,,,,,26,1766.5,578.2,1804.0,694.3,1.0
267,1,0,,,,,25,1689.5,566.2,1727.4,685.2,1.0
267,1,0,,,,,34,440.7,443.8,478.1,518.0,0.0
268,1,0,,,,,26,1765.4,577.7,1803.8,696.4,1.0
268,1,0,,,,,25,1688.5,566.7,1726.7,685.5,1.0
268,1,0,,,,,34,440.6,443.8,478.1,518.0,0.0
268,1,0,,,,,33,1169.8,470.5,1360.7,813.7,0.0
269,1,0,,,,,26,1765.0,578.0,1802.9,694.6,1.0
269,1,0,,,,,25,1687.9,566.9,1726.3,686.7,1.0
269,1,0,,,,,34,440.6,443.8,478.1,518.0,0.0
269,1,0,,,,,33,1169.5,471.4,1355.4,813.5,0.0
270,1,0,,,,,26,1763.7,578.3,1801.9,695.4,1.0
270,1,0,,,,,25,1687.7,567.1,1726.0,686.2,1.0
271,1,0,,,,,26,1762.5,578.7,1800.8,695.2,1.0
271,1,0,,,,,25,1687.6,567.7,1725.8,685.6,1.0
271,1,0,,,,,34,440.7,443.8,478.1,517.8,0.0
271,1,0,,,,,33,1172.4,471.8,1351.9,813.2,0.0
272,1,0,,,,,26,1761.2,578.7,1800.0,696.4,1.0
272,1,0,,,,,25,1687.0,567.7,1725.2,685.7,1.0
272,1,0,,,,,34,440.7,443.8,478.1,517.9,0.0
272,1,0,,,,,33,1166.1,466.8,1352.5,815.1,0.0
273,1,0,,,,,26,1760.6,580.0,1799.2,696.8,1.0
273,1,0,,,,,25,1687.2,567.9,1726.4,689.4,1.0
274,1,0,,,,,26,1758.6,582.0,1797.8,699.9,1.0
274,1,0,,,,,25,1687.2,568.4,1726.3,691.0,1.0
274,1,0,,,,,34,440.6,443.7,478.1,517.9,0.0
274,1,0,,,,,33,1171.9,470.3,1352.2,814.0,0.0
275,1,0,,,,,26,1757.4,583.4,1796.9,701.7,1.0
275,1,0,,,,,25,1687.9,568.5,1726.8,691.3,1.0
275,1,0,,,,,34,440.7,444.0,478.1,518.1,0.0
276,1,0,,,,,26,1757.4,585.0,1796.4,702.5,1.0
276,1,0,,,,,25,1688.8,568.2,1727.2,691.0,1.0
276,1,0,,,,,34,440.7,444.2,478.1,518.1,0.0
277,1,0,,,,,26,1757.4,585.6,1796.2,702.7,1.0
277,1,0,,,,,25,1689.2,568.0,1727.3,690.9,1.0
277,1,0,,,,,34,440.7,444.3,478.1,518.2,0.0
278,1,0,,,,,26,1756.8,586.6,1795.4,703.4,1.0
278,1,0,,,,,25,1689.3,568.1,1726.9,690.2,1.0
278,1,0,,,,,34,440.6,444.2,478.1,518.2,0.0
279,1,0,,,,,26,1756.9,587.1,1794.3,700.7,1.0
279,1,0,,,,,25,1689.3,568.2,1726.4,689.5,1.0
279,1,0,,,,,34,440.6,444.3,478.1,518.1,0.0
280,1,0,,,,,26,1756.3,586.6,1793.9,701.0,1.0
280,1,0,,,,,25,1690.2,570.1,1725.9,686.9,1.0
280,1,0,,,,,33,1190.6,467.5,1376.4,817.2,0.0
281,1,0,,,,,26,1754.8,584.6,1792.9,700.7,1.0
281,1,0,,,,,25,1691.1,570.9,1725.9,684.5,1.0
281,1,0,,,,,33,1185.8,466.8,1376.1,818.6,0.0
282,1,0,,,,,26,1753.6,585.0,1791.5,700.5,1.0
282,1,0,,,,,25,1691.6,571.5,1726.1,683.1,1.0
282,1,0,,,,,33,1182.8,466.5,1376.6,819.3,0.0
283,1,0,,,,,26,1753.0,585.4,1790.1,697.9,1.0
283,1,0,,,,,25,1691.7,571.5,1726.2,682.7,1.0
283,1,0,,,,,33,1182.7,467.4,1378.3,819.8,0.0
284,1,0,,,,,26,1753.2,586.2,1789.0,693.7,1.0
284,1,0,,,,,25,1691.8,571.9,1726.3,682.7,1.0
284,1,0,,,,,33,1179.4,467.3,1377.6,819.8,0.0
285,1,0,,,,,26,1752.5,586.1,1788.1,692.2,1.0
285,1,0,,,,,25,1692.0,572.1,1726.8,683.3,1.0
286,1,0,,,,,26,1751.4,586.1,1787.7,693.7,1.0
286,1,0,,,,,25,1692.1,572.2,1727.0,682.9,1.0
287,1,0,,,,,26,1750.7,586.0,1787.3,693.8,1.0
287,1,0,,,,,25,1692.3,572.3,1727.3,683.0,1.0
288,1,0,,,,,26,1750.2,588.0,1786.5,694.2,1.0
288,1,0,,,,,25,1692.5,572.7,1727.8,683.4,1.0
289,1,0,,,,,26,1749.9,589.3,1786.0,693.9,1.0
289,1,0,,,,,25,1693.2,573.0,1729.0,683.8,1.0
290,1,0,,,,,26,1748.5,589.8,1786.3,699.0,1.0
290,1,0,,,,,25,1694.0,572.4,1730.1,684.2,1.0
290,1,0,,,,,33,1183.7,469.9,1385.3,820.1,0.0
291,1,0,,,,,26,1747.8,590.3,1785.8,699.6,1.0
291,1,0,,,,,25,1694.7,572.2,1731.2,685.2,1.0
292,1,0,,,,,26,1746.3,591.4,1786.2,706.3,1.0
292,1,0,,,,,25,1695.3,572.2,1732.2,685.9,1.0
293,1,0,,,,,26,1743.8,592.7,1786.1,715.2,1.0
293,1,0,,,,,25,1695.2,572.2,1733.7,690.9,1.0
294,1,0,,,,,26,1744.0,592.7,1786.3,716.3,1.0
294,1,0,,,,,25,1693.5,572.8,1734.8,699.8,1.0
295,1,0,,,,,26,1743.2,592.8,1786.2,719.7,1.0
295,1,0,,,,,25,1693.1,573.3,1735.4,703.7,1.0
296,1,0,,,,,26,1743.4,592.6,1785.6,718.2,1.0
296,1,0,,,,,25,1694.1,573.5,1734.8,699.5,1.0
297,1,0,,,,,26,1742.5,592.3,1785.4,721.4,1.0
297,1,0,,,,,25,1693.7,574.1,1735.4,703.8,1.0
298,1,0,,,,,26,1740.6,593.0,1783.0,720.8,1.0
298,1,0,,,,,25,1694.2,574.6,1735.7,703.5,1.0
299,1,0,,,,,26,1741.8,593.2,1782.2,715.4,1.0
299,1,0,,,,,25,1694.8,575.1,1735.4,700.9,1.0
300,1,0,,,,,26,1742.3,593.2,1781.6,712.8,1.0
300,1,0,,,,,25,1695.1,575.4,1735.4,699.9,1.0
301,1,0,,,,,26,1739.2,594.3,1779.4,716.9,1.0
301,1,0,,,,,25,1695.4,575.6,1736.7,702.7,1.0
302,1,0,,,,,26,1739.6,595.2,1778.8,715.0,1.0
302,1,0,,,,,25,1695.4,576.0,1737.8,705.9,1.0
303,1,0,,,,,26,1738.5,596.2,1778.0,716.2,1.0
303,1,0,,,,,25,1695.1,576.9,1737.7,707.1,1.0
304,1,0,,,,,26,1736.9,597.9,1777.1,718.8,1.0
304,1,0,,,,,25,1695.0,577.3,1737.5,707.4,1.0
305,1,0,,,,,26,1733.4,598.2,1775.7,723.5,1.0
305,1,0,,,,,25,1695.3,578.3,1737.8,707.8,1.0
306,1,0,,,,,26,1731.8,598.7,1774.9,725.2,1.0
306,1,0,,,,,25,1695.7,581.4,1736.9,706.3,1.0
307,1,0,,,,,26,1730.8,598.5,1774.7,726.4,1.0
307,1,0,,,,,25,1695.1,583.1,1735.7,705.2,1.0
308,1,0,,,,,26,1730.6,598.3,1774.4,724.9,1.0
308,1,0,,,,,25,1693.6,584.1,1734.7,706.4,1.0
309,1,0,,,,,26,1729.4,598.6,1774.4,727.5,1.0
309,1,0,,,,,25,1692.8,584.1,1733.9,705.5,1.0
310,1,0,,,,,26,1728.2,599.0,1773.9,729.1,1.0
310,1,0,,,,,25,1692.4,584.5,1732.8,702.9,1.0
311,1,0,,,,,26,1726.9,597.5,1773.4,728.9,1.0
311,1,0,,,,,25,1692.5,584.6,1732.3,700.9,1.0
312,1,0,,,,,26,1726.9,597.3,1773.1,727.4,1.0
312,1,0,,,,,25,1690.8,584.8,1732.5,707.0,1.0
313,1,0,,,,,26,1726.2,597.3,1773.0,728.3,1.0
313,1,0,,,,,25,1689.7,584.5,1731.0,706.1,1.0
314,1,0,,,,,26,1726.2,597.1,1773.4,728.7,1.0
314,1,0,,,,,25,1688.9,585.0,1730.1,707.4,1.0
315,1,0,,,,,26,1725.6,596.4,1773.7,730.0,1.0
315,1,0,,,,,25,1689.0,585.1,1728.6,703.0,1.0
316,1,0,,,,,26,1725.1,596.5,1773.5,730.7,1.0
316,1,0,,,,,25,1687.9,586.1,1727.3,704.2,1.0
317,1,0,,,,,26,1724.5,596.9,1773.2,731.8,1.0
317,1,0,,,,,25,1687.4,587.5,1726.5,705.5,1.0
318,1,0,,,,,26,1724.9,597.5,1773.5,731.8,1.0
318,1,0,,,,,25,1686.4,587.5,1726.5,709.0,1.0
319,1,0,,,,,26,1725.7,598.2,1773.7,731.2,1.0
319,1,0,,,,,25,1686.2,589.2,1725.9,710.8,1.0
320,1,0,,,,,26,1726.0,598.5,1773.8,730.9,1.0
320,1,0,,,,,25,1686.2,589.9,1725.7,711.5,1.0
321,1,0,,,,,26,1725.9,598.4,1773.8,731.1,1.0
321,1,0,,,,,25,1686.6,589.4,1727.1,715.0,1.0
322,1,0,,,,,26,1725.8,598.6,1773.9,732.0,1.0
322,1,0,,,,,25,1686.2,590.5,1726.3,715.0,1.0
323,1,0,,,,,26,1726.9,600.8,1773.5,729.7,1.0
323,1,0,,,,,25,1685.0,591.8,1725.8,718.6,1.0
324,1,0,,,,,26,1725.0,604.4,1771.4,731.5,1.0
324,1,0,,,,,25,1683.3,591.6,1724.9,721.2,1.0
325,1,0,,,,,26,1721.7,609.0,1768.4,734.0,1.0
325,1,0,,,,,25,1683.4,592.0,1723.6,717.0,1.0
326,1,0,,,,,26,1723.9,610.6,1770.4,734.9,1.0
326,1,0,,,,,25,1683.2,591.0,1723.7,717.0,1.0
327,1,0,,,,,26,1724.7,611.1,1771.3,735.5,1.0
327,1,0,,,,,25,1682.6,589.2,1723.9,718.2,1.0
328,1,0,,,,,26,1723.9,611.4,1771.1,736.7,1.0
328,1,0,,,,,25,1682.2,588.6,1723.8,717.8,1.0
329,1,0,,,,,26,1722.7,610.8,1770.3,735.5,1.0
329,1,0,,,,,25,1682.0,587.7,1722.7,713.2,1.0
330,1,0,,,,,26,1721.8,611.1,1770.1,736.1,1.0
330,1,0,,,,,25,1681.1,587.9,1722.2,713.9,1.0
331,1,0,,,,,26,1719.5,611.0,1768.9,736.1,1.0
331,1,0,,,,,25,1680.3,587.9,1722.8,718.0,1.0
332,1,0,,,,,26,1720.3,609.8,1770.7,736.4,1.0
332,1,0,,,,,25,1676.5,589.9,1720.4,721.9,1.0
333,1,0,,,,,26,1721.6,609.4,1772.2,736.4,1.0
333,1,0,,,,,25,1675.7,591.3,1719.2,720.9,1.0
334,1,0,,,,,26,1722.5,608.3,1774.0,738.4,1.0
334,1,0,,,,,25,1674.0,594.2,1717.5,722.0,1.0
335,1,0,,,,,26,1722.4,608.3,1774.2,740.0,1.0
335,1,0,,,,,25,1672.6,596.0,1717.1,726.2,1.0
336,1,0,,,,,26,1721.0,609.1,1772.8,740.6,1.0
336,1,0,,,,,25,1672.1,596.3,1716.9,728.1,1.0
337,1,0,,,,,26,1719.9,609.4,1771.6,739.8,1.0
337,1,0,,,,,25,1671.9,597.4,1715.3,725.0,1.0
338,1,0,,,,,26,1718.6,610.2,1770.5,740.0,1.0
338,1,0,,,,,25,1672.6,598.6,1713.8,719.8,1.0
339,1,0,,,,,26,1718.2,611.0,1770.2,739.8,1.0
339,1,0,,,,,25,1671.3,598.9,1712.5,720.3,1.0
340,1,0,,,,,26,1716.6,611.8,1769.4,741.9,1.0
340,1,0,,,,,25,1670.8,600.0,1711.7,720.6,1.0
341,1,0,,,,,26,1716.3,612.7,1769.9,743.8,1.0
341,1,0,,,,,25,1671.2,600.1,1712.1,720.1,1.0
342,1,0,,,,,26,1715.6,612.9,1770.0,745.8,1.0
342,1,0,,,,,25,1670.7,599.7,1712.4,721.8,1.0
343,1,0,,,,,26,1716.0,612.9,1770.2,745.2,1.0
343,1,0,,,,,25,1670.6,599.6,1712.5,721.4,1.0
344,1,0,,,,,26,1715.9,612.7,1770.5,746.3,1.0
344,1,0,,,,,25,1670.5,599.6,1712.1,719.3,1.0
345,1,0,,,,,26,1715.9,613.1,1769.8,745.5,1.0
345,1,0,,,,,25,1669.1,600.0,1713.3,726.0,1.0
346,1,0,,,,,26,1714.9,613.0,1769.3,746.9,1.0
346,1,0,,,,,25,1668.1,600.4,1712.2,726.0,1.0
347,1,0,,,,,26,1714.1,613.4,1769.3,749.9,1.0
347,1,0,,,,,25,1667.7,601.1,1713.3,730.6,1.0
348,1,0,,,,,26,1714.5,613.6,1769.0,749.1,1.0
348,1,0,,,,,25,1665.7,602.6,1712.4,735.4,1.0
349,1,0,,,,,26,1713.3,614.4,1769.6,755.3,1.0
349,1,0,,,,,25,1663.4,604.2,1712.1,743.8,1.0
350,1,0,,,,,26,1713.3,614.7,1769.1,755.4,1.0
350,1,0,,,,,25,1660.7,605.0,1710.8,750.2,1.0
351,1,0,,,,,26,1712.6,615.9,1768.5,757.7,1.0
351,1,0,,,,,25,1659.4,607.7,1709.4,752.4,1.0
352,1,0,,,,,26,1712.5,616.7,1768.4,759.7,1.0
352,1,0,,,,,25,1658.7,607.8,1709.3,753.4,1.0
353,1,0,,,,,26,1713.5,617.7,1768.5,759.8,1.0
353,1,0,,,,,25,1658.7,608.0,1709.7,754.2,1.0
354,1,0,,,,,26,1714.1,619.9,1768.3,760.8,1.0
354,1,0,,,,,25,1659.4,608.7,1709.5,751.5,1.0
355,1,0,,,,,26,1713.1,619.8,1768.1,763.0,1.0
355,1,0,,,,,25,1660.9,608.3,1709.8,747.9,1.0
356,1,0,,,,,26,1712.8,619.7,1768.1,763.8,1.0
356,1,0,,,,,25,1661.5,608.1,1709.8,746.4,1.0
357,1,0,,,,,26,1712.5,620.3,1767.5,762.8,1.0
357,1,0,,,,,25,1659.5,608.3,1709.1,749.6,1.0
358,1,0,,,,,26,1712.8,621.1,1767.4,762.3,1.0
358,1,0,,,,,25,1660.0,608.4,1709.0,747.8,1.0
359,1,0,,,,,26,1712.1,621.7,1767.0,763.1,1.0
359,1,0,,,,,25,1660.1,608.3,1709.4,748.9,1.0
360,0,0,,,,,26,1712.1,621.9,1766.8,761.8,1.0
360,0,0,,,,,25,1659.8,608.7,1709.2,749.2,1.0
361,0,0,,,,,26,1712.3,621.9,1767.2,761.4,1.0
361,0,0,,,,,25,1658.9,608.8,1709.1,751.7,1.0
362,0,0,,,,,26,1710.4,621.7,1767.2,764.9,1.0
362,0,0,,,,,25,1657.5,609.4,1708.9,754.8,1.0
363,1,0,,,,,26,1710.0,621.7,1767.3,765.2,1.0
363,1,0,,,,,25,1655.2,609.6,1708.0,756.8,1.0
364,1,0,,,,,26,1708.0,621.4,1766.6,767.6,1.0
364,1,0,,,,,25,1654.0,610.2,1707.8,758.2,1.0
365,1,0,,,,,26,1708.0,621.4,1766.4,767.0,1.0
365,1,0,,,,,25,1653.5,612.2,1707.3,758.7,1.0
366,1,0,,,,,26,1708.3,621.2,1766.2,764.7,1.0
366,1,0,,,,,25,1653.0,615.2,1706.4,760.0,1.0
367,1,0,,,,,26,1708.6,621.5,1765.9,764.3,1.0
367,1,0,,,,,25,1653.7,619.6,1705.9,760.7,1.0
368,1,0,,,,,26,1707.7,623.1,1764.8,765.6,1.0
368,1,0,,,,,25,1653.6,619.8,1706.1,761.5,1.0
369,1,0,,,,,26,1705.6,623.8,1763.7,768.0,1.0
369,1,0,,,,,25,1650.2,621.1,1703.5,762.8,1.0
370,1,0,,,,,26,1703.2,624.7,1763.3,774.1,1.0
370,1,0,,,,,25,1648.5,621.8,1702.4,763.9,1.0
371,1,0,,,,,26,1702.5,625.7,1764.7,781.1,1.0
371,1,0,,,,,25,1649.1,623.5,1701.3,760.4,1.0
372,1,0,,,,,26,1704.4,628.7,1763.7,777.4,1.0
372,1,0,,,,,25,1648.6,624.1,1700.9,760.8,1.0
373,1,0,,,,,26,1704.9,628.9,1762.7,773.8,1.0
373,1,0,,,,,25,1648.0,624.1,1700.4,760.5,1.0
374,1,0,,,,,26,1702.9,629.3,1761.0,774.8,1.0
374,1,0,,,,,25,1647.6,623.6,1700.4,759.8,1.0
375,1,0,,,,,26,1702.7,629.4,1759.6,771.1,1.0
375,1,0,,,,,25,1645.1,623.3,1702.5,771.6,1.0
376,1,0,,,,,26,1702.2,630.4,1758.4,769.6,1.0
376,1,0,,,,,25,1643.9,622.5,1703.3,776.3,1.0
377,1,0,,,,,26,1701.1,630.5,1757.9,771.1,1.0
377,1,0,,,,,25,1642.1,623.3,1703.7,783.4,1.0
378,1,0,,,,,26,1699.1,630.5,1757.5,775.7,1.0
378,1,0,,,,,25,1641.2,624.8,1703.7,788.1,1.0
379,1,0,,,,,26,1698.9,630.6,1757.8,777.6,1.0
379,1,0,,,,,25,1640.5,625.1,1703.3,790.5,1.0
380,1,0,,,,,26,1699.9,630.4,1757.9,776.1,1.0
380,1,0,,,,,25,1642.8,629.9,1703.2,790.0,1.0
381,1,0,,,,,26,1701.9,630.2,1757.4,771.2,1.0
381,1,0,,,,,25,1643.4,628.9,1704.1,790.8,1.0
382,1,0,,,,,26,1701.9,629.5,1757.5,772.4,1.0
382,1,0,,,,,25,1643.6,630.3,1703.9,791.9,1.0
383,1,0,,,,,26,1702.3,631.6,1756.9,773.5,1.0
383,1,0,,,,,25,1643.6,631.0,1704.0,792.7,1.0
384,1,0,,,,,26,1702.7,633.0,1756.5,774.1,1.0
384,1,0,,,,,25,1644.2,631.3,1704.4,793.0,1.0
385,1,0,,,,,26,1700.6,635.2,1756.7,783.9,1.0
385,1,0,,,,,25,1643.2,631.1,1703.9,794.4,1.0
386,1,0,,,,,26,1699.4,637.7,1756.5,790.8,1.0
386,1,0,,,,,25,1643.6,630.2,1704.6,794.4,1.0
387,1,0,,,,,26,1699.1,640.1,1756.2,794.1,1.0
387,1,0,,,,,25,1643.6,629.9,1704.4,793.7,1.0
388,1,0,,,,,26,1700.6,642.2,1756.8,794.8,1.0
388,1,0,,,,,25,1643.6,630.0,1704.0,792.4,1.0
389,1,0,,,,,26,1701.1,642.4,1756.9,794.6,1.0
389,1,0,,,,,25,1645.2,629.9,1704.7,789.9,1.0
390,1,0,,,,,26,1701.2,642.2,1756.8,794.1,1.0
390,1,0,,,,,25,1645.3,630.1,1704.0,788.4,1.0
391,1,0,,,,,26,1700.4,641.6,1756.7,795.9,1.0
391,1,0,,,,,25,1644.5,630.3,1703.2,789.6,1.0
392,0,0,,,,,26,1700.1,641.1,1756.8,796.5,1.0
392,0,0,,,,,25,1644.9,630.3,1702.8,787.7,1.0
393,1,0,,,,,26,1700.1,640.4,1756.8,796.2,1.0
393,1,0,,,,,25,1644.2,630.6,1702.5,789.2,1.0
394,1,0,,,,,26,1699.9,640.0,1756.3,794.4,1.0
394,1,0,,,,,25,1644.0,630.9,1702.3,788.5,1.0
395,1,0,,,,,26,1697.6,640.3,1756.1,799.5,1.0
395,1,0,,,,,25,1643.0,630.4,1701.6,789.1,1.0
396,1,0,,,,,26,1696.7,640.0,1755.4,798.3,1.0
396,1,0,,,,,25,1641.8,632.7,1699.9,790.4,1.0
397,1,0,,,,,26,1696.5,640.3,1755.4,798.4,1.0
397,1,0,,,,,25,1642.1,634.5,1699.5,790.7,1.0
398,1,0,,,,,26,1695.2,641.5,1755.3,802.0,1.0
398,1,0,,,,,25,1642.8,638.7,1698.1,790.3,1.0
399,1,0,,,,,26,1694.6,641.9,1755.4,803.4,1.0
399,1,0,,,,,25,1643.1,640.2,1697.6,790.2,1.0
400,1,0,,,,,26,1693.8,643.4,1754.7,804.2,1.0
400,1,0,,,,,25,1642.1,640.3,1695.9,789.1,1.0
401,0,0,,,,,26,1692.9,644.5,1753.6,804.8,1.0
401,0,0,,,,,25,1640.7,642.0,1694.4,790.1,1.0
402,0,0,,,,,26,1692.9,646.3,1752.7,804.2,1.0
402,0,0,,,,,25,1639.1,643.7,1692.5,790.7,1.0
403,0,0,,,,,26,1691.9,648.3,1752.1,806.8,1.0
403,0,0,,,,,25,1639.3,643.3,1692.0,788.9,1.0
404,0,0,,,,,26,1691.6,648.5,1753.2,812.7,1.0
404,0,0,,,,,25,1640.2,644.8,1691.5,785.9,1.0
405,0,0,,,,,26,1695.0,650.5,1753.6,806.9,1.0
405,0,0,,,,,25,1640.6,645.7,1691.6,785.8,1.0
406,1,0,,,,,26,1694.6,650.8,1753.2,807.1,1.0
406,1,0,,,,,25,1640.5,646.1,1691.7,786.7,1.0
407,0,0,,,,,26,1693.4,652.1,1751.9,808.1,1.0
407,0,0,,,,,25,1640.5,646.5,1691.8,787.5,1.0
408,1,0,,,,,26,1692.3,651.7,1751.8,811.2,1.0
408,1,0,,,,,25,1639.6,646.2,1692.6,792.5,1.0
409,1,0,,,,,26,1692.6,651.8,1751.7,810.9,1.0
409,1,0,,,,,25,1638.9,646.6,1693.0,796.1,1.0
410,1,0,,,,,26,1693.6,652.2,1751.3,807.7,1.0
410,1,0,,,,,25,1638.8,647.7,1692.2,794.9,1.0
411,1,0,,,,,26,1694.0,652.3,1751.0,805.9,1.0
411,1,0,,,,,25,1638.5,649.4,1691.1,794.0,1.0
412,1,0,,,,,26,1693.9,652.5,1751.0,806.5,1.0
412,1,0,,,,,25,1638.5,650.9,1691.1,795.3,1.0
413,1,0,,,,,26,1694.2,653.0,1751.6,808.1,1.0
413,1,0,,,,,25,1637.5,652.6,1690.1,797.1,1.0
414,1,0,,,,,26,1694.2,653.0,1752.2,810.8,1.0
414,1,0,,,,,25,1636.7,656.0,1687.7,795.5,1.0
415,1,0,,,,,26,1692.7,651.7,1752.5,815.6,1.0
415,1,0,,,,,25,1635.6,656.6,1687.7,799.0,1.0
416,1,0,,,,,26,1693.4,652.8,1752.1,814.4,1.0
416,1,0,,,,,25,1636.4,657.8,1687.9,798.0,1.0
417,0,0,,,,,26,1694.6,655.6,1751.7,813.3,1.0
417,0,0,,,,,25,1635.9,659.0,1688.8,802.8,1.0
418,0,0,,,,,26,1693.2,654.5,1752.8,820.8,1.0
418,0,0,,,,,25,1635.9,659.3,1689.4,804.1,1.0
419,1,0,,,,,26,1692.5,654.9,1753.0,825.1,1.0
419,1,0,,,,,25,1635.4,659.5,1689.1,804.4,1.0
419,1,0,,,,,42,440.4,445.5,477.9,515.0,0.0
420,0,0,,,,,26,1692.9,662.3,1752.7,832.3,1.0
420,0,0,,,,,25,1635.5,659.1,1690.2,806.6,1.0
420,0,0,,,,,42,440.3,445.4,477.9,515.1,0.0
421,1,0,,,,,26,1693.9,665.7,1752.7,834.2,1.0
421,1,0,,,,,25,1634.5,659.1,1690.6,810.5,1.0
421,1,0,,,,,42,440.3,445.4,477.9,515.1,0.0
422,1,0,,,,,26,1695.3,671.6,1750.9,832.1,1.0
422,1,0,,,,,25,1635.2,658.5,1690.4,806.9,1.0
423,1,0,,,,,26,1696.6,674.7,1750.0,829.5,1.0
423,1,0,,,,,25,1636.9,658.1,1690.8,802.6,1.0
424,1,0,,,,,26,1696.9,675.8,1749.7,829.5,1.0
424,1,0,,,,,25,1635.3,658.9,1691.6,810.8,1.0
425,1,0,,,,,26,1697.0,676.2,1749.6,828.8,1.0
425,1,0,,,,,25,1633.1,660.7,1691.5,819.0,1.0
425,1,0,,,,,42,440.2,445.0,477.9,514.9,0.0
426,1,0,,,,,26,1696.8,676.0,1749.8,829.3,1.0
426,1,0,,,,,25,1630.7,661.7,1690.0,824.3,0.9827
426,1,0,,,,,42,440.1,444.9,477.9,515.0,0.0
427,1,0,,,,,26,1696.4,676.4,1749.7,829.8,1.0
427,1,0,,,,,25,1628.8,662.5,1689.1,827.9,0.9262
427,1,0,,,,,42,440.2,445.0,477.9,515.1,0.0
428,1,0,,,,,26,1697.0,676.4,1750.3,829.5,1.0
428,1,0,,,,,25,1629.1,663.0,1690.4,830.9,0.8654
428,1,0,,,,,42,440.2,445.1,477.9,515.1,0.0
429,1,0,,,,,26,1696.9,676.2,1750.5,830.3,1.0
429,1,0,,,,,25,1627.5,662.9,1689.9,831.9,0.83
429,1,0,,,,,42,440.2,445.2,477.9,515.0,0.0
430,1,0,,,,,26,1696.6,675.2,1750.8,830.9,1.0
430,1,0,,,,,25,1626.0,663.8,1689.8,835.2,0.722
431,1,0,,,,,26,1695.7,674.8,1750.8,833.5,1.0
431,1,0,,,,,25,1624.3,664.8,1688.9,836.6,0.6559
431,1,0,,,,,42,440.2,445.2,477.9,515.1,0.0
432,1,0,,,,,26,1695.2,674.3,1750.6,834.5,1.0
432,1,0,,,,,25,1624.3,667.3,1688.1,837.2,0.6251
432,1,0,,,,,42,440.1,445.1,477.9,515.2,0.0
433,1,0,,,,,26,1692.0,679.5,1747.7,836.9,1.0
433,1,0,,,,,25,1624.5,667.3,1688.0,836.0,0.6707
433,1,0,,,,,42,440.1,445.0,477.9,515.1,0.0
434,1,0,,,,,26,1690.5,681.5,1746.9,837.8,0.9995
434,1,0,,,,,25,1624.6,667.3,1688.0,835.4,0.6905
434,1,0,,,,,42,440.1,445.0,477.9,515.1,0.0
435,1,0,,,,,26,1689.0,684.6,1746.0,839.9,0.9863
435,1,0,,,,,25,1624.5,668.2,1686.6,833.1,0.7615
435,1,0,,,,,42,440.1,445.0,477.9,515.0,0.0
436,1,0,,,,,26,1689.3,684.4,1746.5,838.8,0.9945
436,1,0,,,,,25,1623.1,668.5,1684.9,832.7,0.759
437,1,0,,,,,26,1689.1,686.6,1747.5,843.4,0.9418
437,1,0,,,,,25,1622.2,669.0,1684.7,836.0,0.6369
438,1,0,,,,,26,1688.0,687.8,1747.2,846.9,0.8624
438,1,0,,,,,25,1620.9,669.2,1684.1,838.7,0.5239
439,1,0,,,,,26,1685.7,688.2,1746.1,851.9,0.683
439,1,0,,,,,25,1620.4,668.5,1683.3,837.8,0.5521
440,1,0,,,,,26,1684.8,690.4,1745.0,854.4,0.5733
440,1,0,,,,,25,1620.6,669.0,1682.1,834.8,0.6599
441,1,0,,,,,26,1684.6,693.3,1743.3,854.3,0.5586
441,1,0,,,,,25,1619.6,668.4,1682.5,838.7,0.5097
442,1,0,,,,,26,1683.7,694.1,1743.2,859.2,0.3671
442,1,0,,,,,25,1620.2,668.8,1683.9,842.7,0.3791
443,1,0,,,,,26,1682.5,694.4,1742.5,862.5,0.2425
443,1,0,,,,,25,1619.7,670.2,1683.5,845.3,0.282
444,1,0,,,,,26,1682.7,694.9,1742.1,862.5,0.2412
445,1,0,,,,,26,1682.5,694.2,1742.0,862.3,0.248
445,1,0,,,,,25,1619.5,673.1,1683.9,851.0,0.1268
446,1,0,,,,,26,1681.2,693.1,1741.8,863.7,0.2049
446,1,0,,,,,25,1618.1,681.6,1681.1,855.3,0.0314
447,1,0,,,,,26,1679.9,691.7,1741.8,865.3,0.1634
448,1,0,,,,,26,1679.3,694.1,1740.8,866.8,0.1177
448,1,0,,,,,25,1619.7,686.2,1681.1,856.0,0.0185
449,1,0,,,,,26,1679.5,697.3,1741.2,870.0,0.0559
449,1,0,,,,,25,1618.6,688.5,1681.6,862.7,0.0
450,1,0,,,,,26,1679.8,698.1,1741.6,871.3,0.0398
450,1,0,,,,,25,1618.5,690.3,1681.2,864.0,0.0
451,1,0,,,,,26,1680.2,701.8,1741.3,872.3,0.0224
451,1,0,,,,,25,1617.9,692.0,1681.0,866.9,0.0
452,1,0,,,,,26,1679.7,704.0,1741.4,876.1,0.0004
452,1,0,,,,,25,1618.0,693.5,1680.7,866.8,0.0
453,1,0,,,,,26,1679.4,706.1,1741.1,879.1,0.0
453,1,0,,,,,25,1613.4,692.2,1678.2,869.2,0.0
454,1,0,,,,,26,1679.0,708.5,1741.4,884.2,0.0
454,1,0,,,,,25,1611.6,693.8,1677.1,871.0,0.0
455,1,0,,,,,26,1679.0,710.0,1742.1,888.8,0.0
455,1,0,,,,,25,1610.2,693.4,1677.0,872.5,0.0
456,0,0,,,,,26,1678.4,711.9,1740.2,886.6,0.0
456,0,0,,,,,25,1610.8,695.0,1678.1,874.2,0.0
457,0,0,,,,,26,1676.4,711.2,1740.3,891.5,0.0
457,0,0,,,,,25,1611.9,694.6,1679.7,874.6,0.0
458,1,0,,,,,26,1677.3,712.1,1741.1,892.8,0.0
458,1,0,,,,,25,1612.0,694.8,1680.3,875.9,0.0
459,1,0,,,,,26,1678.2,713.4,1741.4,892.0,0.0
459,1,0,,,,,25,1610.2,694.8,1680.5,880.8,0.0
460,1,0,,,,,26,1677.0,713.0,1741.2,894.6,0.0
460,1,0,,,,,25,1609.4,694.2,1681.2,884.5,0.0
461,1,0,,,,,26,1676.1,712.4,1741.1,896.1,0.0
461,1,0,,,,,25,1609.6,694.6,1681.7,885.5,0.0
462,0,0,,,,,26,1675.8,712.6,1740.3,894.8,0.0
462,0,0,,,,,25,1609.3,695.4,1681.1,885.7,0.0
463,1,0,,,,,26,1674.6,712.1,1739.5,895.0,0.0
463,1,0,,,,,25,1607.0,696.4,1678.1,887.6,0.0
464,1,0,,,,,26,1671.5,711.3,1738.7,899.5,0.0
464,1,0,,,,,25,1608.1,706.6,1673.4,884.4,0.0
465,1,0,,,,,26,1668.0,712.7,1738.3,908.7,0.0
465,1,0,,,,,25,1607.7,706.0,1672.0,883.6,0.0
466,1,0,,,,,26,1664.9,713.7,1737.9,915.8,0.0
466,1,0,,,,,25,1608.2,707.1,1671.9,884.8,0.0
467,1,0,,,,,26,1667.2,716.2,1737.9,910.6,0.0
467,1,0,,,,,25,1605.7,704.9,1673.1,895.7,0.0
468,1,0,,,,,26,1665.5,717.9,1737.0,913.6,0.0
468,1,0,,,,,25,1605.1,705.5,1673.5,902.7,0.0
469,1,0,,,,,26,1665.4,716.6,1737.9,915.7,0.0
469,1,0,,,,,25,1604.2,705.5,1672.2,904.7,0.0
470,1,0,,,,,26,1665.3,720.0,1736.1,914.0,0.0
470,1,0,,,,,25,1605.1,706.9,1673.1,909.2,0.0
471,1,0,,,,,26,1662.6,723.1,1733.9,916.8,0.0
471,1,0,,,,,25,1604.9,710.8,1673.4,918.2,0.0
472,1,0,,,,,26,1662.6,727.6,1733.2,918.6,0.0
472,1,0,,,,,25,1603.7,713.2,1672.3,923.8,0.0
473,1,0,,,,,26,1662.6,729.3,1733.0,919.2,0.0
473,1,0,,,,,25,1603.6,714.0,1671.7,925.8,0.0
474,1,0,,,,,26,1661.7,730.6,1733.4,923.8,0.0
474,1,0,,,,,25,1602.9,716.2,1671.1,931.1,0.0
475,1,0,,,,,26,1660.1,732.2,1731.8,924.8,0.0
475,1,0,,,,,25,1602.9,718.0,1670.6,933.2,0.0
476,1,0,,,,,26,1658.0,732.3,1730.4,927.3,0.0
476,1,0,,,,,25,1600.8,718.2,1666.5,928.7,0.0
477,1,0,,,,,26,1658.6,733.0,1729.4,923.7,0.0
477,1,0,,,,,25,1600.1,722.2,1664.1,927.2,0.0
478,1,0,,,,,26,1658.5,733.3,1728.7,922.7,0.0
478,1,0,,,,,25,1599.7,728.3,1663.4,931.2,0.0
479,1,0,,,,,26,1657.9,734.1,1728.9,926.0,0.0
479,1,0,,,,,25,1600.5,732.8,1664.2,934.0,0.0
480,1,0,,,,,26,1657.2,734.4,1729.8,931.2,0.0
480,1,0,,,,,25,1601.4,732.9,1663.9,929.7,0.0
481,1,0,,,,,26,1657.0,734.6,1730.5,934.5,0.0
481,1,0,,,,,25,1600.5,736.1,1662.7,930.9,0.0
482,1,0,,,,,26,1656.6,736.0,1730.1,936.2,0.0
482,1,0,,,,,25,1599.5,735.2,1660.4,924.6,0.0
483,1,0,,,,,26,1657.0,737.1,1730.8,938.9,0.0
483,1,0,,,,,25,1598.0,736.3,1659.9,928.0,0.0
484,1,0,,,,,26,1657.8,739.7,1731.1,940.0,0.0
484,1,0,,,,,25,1597.8,736.3,1660.0,928.2,0.0
485,1,0,,,,,26,1655.6,739.6,1731.3,946.4,0.0
485,1,0,,,,,25,1596.6,734.4,1659.8,928.7,0.0
486,1,0,,,,,26,1654.6,742.2,1732.1,952.5,0.0
486,1,0,,,,,25,1596.5,735.5,1658.5,924.7,0.0
487,1,0,,,,,26,1654.3,745.5,1732.5,957.3,0.0
487,1,0,,,,,25,1594.8,736.6,1657.5,926.1,0.0
488,1,0,,,,,26,1655.3,749.3,1733.3,960.2,0.0
488,1,0,,,,,25,1593.4,738.8,1656.3,926.6,0.0
489,1,0,,,,,26,1656.4,751.5,1733.3,958.7,0.0
489,1,0,,,,,25,1591.5,740.2,1655.3,927.9,0.0
490,1,0,,,,,26,1657.5,753.3,1734.7,961.1,0.0
490,1,0,,,,,25,1590.6,742.0,1655.0,930.6,0.0
491,1,0,,,,,26,1658.5,750.9,1735.6,957.8,0.0
491,1,0,,,,,25,1587.7,742.4,1654.5,936.9,0.0
492,1,0,,,,,26,1659.4,749.9,1736.5,956.5,0.0
492,1,0,,,,,25,1587.6,741.9,1654.3,935.9,0.0
493,1,0,,,,,26,1659.5,749.4,1736.8,956.5,0.0
493,1,0,,,,,25,1588.4,743.1,1654.2,934.7,0.0
494,1,0,,,,,26,1660.1,749.9,1736.8,955.2,0.0
494,1,0,,,,,25,1583.9,742.1,1652.3,941.3,0.0
495,1,0,,,,,26,1660.7,752.5,1737.1,956.2,0.0
495,1,0,,,,,25,1583.9,743.4,1653.0,944.8,0.0
496,1,0,,,,,26,1659.4,753.9,1735.5,955.5,0.0
496,1,0,,,,,25,1581.9,743.4,1650.9,945.5,0.0
497,1,0,,,,,26,1657.4,753.2,1734.2,953.3,0.0
497,1,0,,,,,25,1582.3,746.5,1650.2,944.1,0.0
498,1,0,,,,,26,1655.9,754.2,1734.0,956.0,0.0
498,1,0,,,,,25,1581.4,747.9,1650.1,947.5,0.0
499,1,0,,,,,26,1653.3,754.9,1732.7,958.5,0.0
499,1,0,,,,,25,1580.2,748.9,1650.6,953.5,0.0
500,1,0,,,,,26,1649.5,754.2,1731.0,960.0,0.0
500,1,0,,,,,25,1580.0,747.8,1651.8,955.7,0.0
501,1,0,,,,,26,1648.0,755.5,1729.7,959.2,0.0
501,1,0,,,,,25,1579.0,747.7,1650.4,954.8,0.0
502,1,0,,,,,26,1646.4,757.1,1728.9,959.6,0.0
502,1,0,,,,,25,1580.2,748.4,1652.6,959.6,0.0
503,1,0,,,,,26,1645.7,759.4,1729.0,961.2,0.0
503,1,0,,,,,25,1580.5,746.6,1654.9,966.0,0.0
504,1,0,,,,,26,1642.1,757.5,1728.3,965.4,0.0
504,1,0,,,,,25,1580.4,747.4,1656.2,972.8,0.0
505,1,0,,,,,26,1645.2,760.5,1729.5,965.2,0.0
505,1,0,,,,,25,1580.9,750.5,1656.1,976.1,0.0
506,1,0,,,,,26,1642.2,760.2,1726.4,964.2,0.0
506,1,0,,,,,25,1580.8,753.4,1655.3,977.9,0.0
507,1,0,,,,,26,1640.1,760.6,1725.0,964.9,0.0
507,1,0,,,,,25,1582.7,759.2,1655.6,978.2,0.0
508,1,0,,,,,26,1639.2,761.5,1723.4,963.6,0.0
508,1,0,,,,,25,1583.5,761.4,1657.3,980.2,0.0
509,1,0,,,,,26,1641.4,762.0,1724.1,961.7,0.0
509,1,0,,,,,25,1583.2,761.5,1656.5,976.6,0.0
510,1,0,,,,,26,1641.0,761.4,1722.8,961.2,0.0
510,1,0,,,,,25,1583.7,761.2,1658.7,980.0,0.0
511,1,0,,,,,26,1640.0,761.0,1720.7,960.5,0.0
511,1,0,,,,,25,1581.7,761.5,1659.6,986.7,0.0
512,1,0,,,,,26,1638.6,761.6,1718.2,959.9,0.0
512,1,0,,,,,25,1578.7,761.4,1658.0,990.8,0.0
513,1,0,,,,,26,1638.2,761.9,1717.2,959.8,0.0
513,1,0,,,,,25,1577.5,761.3,1657.4,992.1,0.0
514,1,0,,,,,26,1638.5,761.2,1717.8,961.8,0.0
514,1,0,,,,,25,1576.9,760.1,1657.9,994.6,0.0
515,1,0,,,,,26,1638.5,762.1,1717.4,964.3,0.0
515,1,0,,,,,25,1577.2,760.5,1658.5,994.7,0.0
516,1,0,,,,,26,1639.4,763.3,1717.1,965.2,0.0
516,1,0,,,,,25,1576.8,760.7,1657.9,994.4,0.0
517,1,0,,,,,26,1639.5,764.4,1716.3,966.5,0.0
517,1,0,,,,,25,1576.3,761.3,1657.5,995.5,0.0
517,1,0,,,,,50,1596.6,760.4,1658.3,976.3,0.0
517,1,0,,,,,51,440.1,446.1,478.0,516.3,0.0
518,1,0,,,,,26,1639.3,765.4,1715.7,968.7,0.0
518,1,0,,,,,25,1576.5,761.3,1658.0,996.6,0.0
518,1,0,,,,,50,1597.5,760.2,1660.1,979.5,0.0
518,1,0,,,,,51,440.1,446.1,478.0,516.3,0.0
519,1,0,,,,,26,1639.2,765.8,1715.3,970.7,0.0
519,1,0,,,,,25,1576.4,762.0,1657.6,996.4,0.0
519,1,0,,,,,51,440.0,446.1,478.0,516.4,0.0
520,1,0,,,,,26,1639.1,766.4,1714.9,973.2,0.0
520,1,0,,,,,25,1576.1,762.7,1656.7,995.4,0.0
520,1,0,,,,,51,440.0,446.1,478.1,516.4,0.0
521,1,0,,,,,26,1639.3,767.3,1715.0,976.2,0.0
521,1,0,,,,,25,1576.1,763.0,1656.1,993.5,0.0
521,1,0,,,,,51,440.0,446.1,478.0,516.4,0.0
522,1,0,,,,,26,1638.9,767.5,1714.9,980.1,0.0
522,1,0,,,,,25,1576.5,763.4,1656.8,993.7,0.0
522,1,0,,,,,51,440.0,446.1,478.0,516.4,0.0
523,1,0,,,,,26,1639.0,768.1,1714.6,981.9,0.0
523,1,0,,,,,25,1576.6,764.3,1656.5,992.2,0.0
523,1,0,,,,,51,440.0,446.0,478.0,516.4,0.0
524,1,0,,,,,26,1639.2,768.3,1714.9,984.7,0.0
524,1,0,,,,,25,1576.1,766.4,1655.4,991.6,0.0
524,1,0,,,,,51,440.0,446.0,478.0,516.4,0.0
525,1,0,,,,,26,1640.0,768.6,1715.5,986.6,0.0
525,1,0,,,,,25,1576.0,768.1,1654.9,991.5,0.0
525,1,0,,,,,51,440.0,446.0,478.0,516.4,0.0
526,1,0,,,,,26,1639.8,767.4,1715.4,987.6,0.0
526,1,0,,,,,25,1575.3,767.5,1654.5,991.4,0.0
526,1,0,,,,,51,440.0,446.0,478.0,516.4,0.0
527,1,0,,,,,26,1640.1,769.5,1714.2,987.8,0.0
527,1,0,,,,,25,1575.3,767.6,1654.7,991.6,0.0
527,1,0,,,,,51,440.0,446.0,478.0,516.4,0.0
528,0,0,,,,,26,1637.9,766.3,1713.2,988.7,0.0
528,0,0,,,,,25,1575.2,772.8,1652.4,990.8,0.0
529,0,0,,,,,26,1636.0,764.9,1711.7,989.4,0.0
529,0,0,,,,,25,1574.5,774.3,1650.9,990.8,0.0
530,0,0,,,,,26,1635.3,763.4,1711.8,990.6,0.0
530,0,0,,,,,25,1573.8,775.0,1649.8,991.2,0.0
531,0,0,,,,,26,1635.3,763.4,1711.8,990.4,0.0
531,0,0,,,,,25,1573.9,775.2,1649.5,990.9,0.0
532,0,0,,,,,26,1635.9,764.5,1711.7,989.1,0.0
532,0,0,,,,,25,1574.2,775.8,1649.3,990.7,0.0
533,0,0,,,,,26,1635.9,767.2,1711.4,989.7,0.0
533,0,0,,,,,25,1574.2,775.2,1649.2,990.2,0.0
534,0,0,,,,,26,1636.6,767.7,1712.4,990.0,0.0
534,0,0,,,,,25,1575.4,773.5,1651.0,989.7,0.0
535,0,0,,,,,26,1637.3,768.9,1712.9,989.0,0.0
535,0,0,,,,,25,1575.6,772.5,1651.4,989.2,0.0
536,0,0,,,,,26,1637.9,769.5,1713.5,987.8,0.0
536,0,0,,,,,25,1575.2,772.8,1651.1,990.1,0.0
537,0,0,,,,,26,1637.3,770.7,1713.2,988.2,0.0
537,0,0,,,,,25,1574.3,774.4,1649.5,991.3,0.0
538,0,0,,,,,26,1637.1,773.0,1712.7,987.7,0.0
538,0,0,,,,,25,1574.0,776.0,1648.2,991.0,0.0
539,1,0,,,,,26,1636.7,774.5,1712.4,988.0,0.0
539,1,0,,,,,25,1573.6,777.0,1647.1,991.1,0.0
540,1,0,,,,,26,1634.5,774.0,1712.9,993.8,0.0
540,1,0,,,,,25,1573.1,777.0,1646.7,992.8,0.0
541,0,0,,,,,26,1634.5,774.1,1713.1,992.7,0.0
541,0,0,,,,,25,1573.0,777.6,1646.0,993.1,0.0
542,1,0,,,,,26,1633.7,774.6,1713.6,995.7,0.0
542,1,0,,,,,25,1573.0,777.4,1646.0,993.6,0.0
543,1,0,,,,,26,1633.0,775.3,1714.3,998.4,0.0
543,1,0,,,,,25,1573.1,777.1,1646.1,994.0,0.0
544,0,0,,,,,26,1632.4,775.6,1714.6,998.6,0.0
544,0,0,,,,,25,1573.3,775.7,1646.6,994.0,0.0
545,1,0,,,,,26,1632.1,777.1,1713.9,995.7,0.0
545,1,0,,,,,25,1573.7,776.6,1646.4,994.0,0.0
546,1,0,,,,,26,1630.8,778.4,1712.5,993.3,0.0
546,1,0,,,,,25,1575.1,774.6,1648.4,993.8,0.0
547,1,0,,,,,26,1630.0,778.5,1713.1,994.5,0.0
547,1,0,,,,,25,1575.7,774.9,1649.0,994.2,0.0
548,1,0,,,,,26,1629.8,779.3,1714.1,996.4,0.0
548,1,0,,,,,25,1576.0,774.9,1649.2,994.3,0.0
549,1,0,,,,,26,1631.3,781.3,1716.2,998.2,0.0
549,1,0,,,,,25,1576.3,774.7,1649.6,994.0,0.0
550,1,0,,,,,26,1631.5,780.7,1717.6,999.5,0.0
550,1,0,,,,,25,1576.2,774.2,1649.6,993.9,0.0
551,1,0,,,,,26,1631.3,781.3,1717.4,999.5,0.0
551,1,0,,,,,25,1576.1,773.9,1649.5,994.1,0.0
552,1,0,,,,,26,1630.0,780.8,1716.5,999.8,0.0
552,1,0,,,,,25,1575.8,773.7,1649.2,994.4,0.0
553,1,0,,,,,26,1629.9,780.3,1716.5,999.6,0.0
553,1,0,,,,,25,1575.5,773.9,1648.7,994.3,0.0
554,1,0,,,,,26,1629.7,781.8,1715.7,999.7,0.0
554,1,0,,,,,25,1575.8,774.0,1649.0,994.3,0.0
555,1,0,,,,,26,1629.6,782.7,1715.6,1000.4,0.0
555,1,0,,,,,25,1575.7,774.0,1648.8,994.3,0.0
556,1,0,,,,,26,1630.0,784.3,1714.3,998.2,0.0
556,1,0,,,,,25,1575.7,773.7,1648.7,994.3,0.0
557,1,0,,,,,26,1629.9,783.5,1714.9,1000.7,0.0
557,1,0,,,,,25,1575.7,773.6,1648.8,994.6,0.0
558,1,0,,,,,26,1631.5,782.8,1717.1,1003.0,0.0
558,1,0,,,,,25,1575.4,773.9,1648.6,995.1,0.0
559,0,0,,,,,26,1631.8,784.0,1716.7,1004.2,0.0
559,0,0,,,,,25,1575.2,774.1,1648.3,995.4,0.0
560,1,0,,,,,26,1631.1,785.8,1713.9,1002.5,0.0
560,1,0,,,,,25,1575.2,774.0,1648.4,995.7,0.0
561,1,0,,,,,26,1630.6,786.5,1712.6,1002.1,0.0
561,1,0,,,,,25,1575.0,773.9,1648.1,995.8,0.0
562,1,0,,,,,26,1630.6,786.7,1712.0,1001.8,0.0
562,1,0,,,,,25,1575.0,773.8,1647.9,995.8,0.0
563,1,0,,,,,26,1629.8,782.3,1711.6,999.6,0.0
563,1,0,,,,,25,1575.2,774.5,1647.6,995.4,0.0
564,1,0,,,,,26,1628.3,786.2,1709.6,1002.8,0.0
564,1,0,,,,,25,1575.4,775.9,1647.2,995.0,0.0
565,1,0,,,,,26,1628.2,789.1,1708.7,1004.5,0.0
565,1,0,,,,,25,1575.9,780.2,1646.3,994.9,0.0
566,1,0,,,,,26,1628.3,789.9,1709.0,1006.7,0.0
566,1,0,,,,,25,1575.6,781.0,1645.6,994.7,0.0
567,1,0,,,,,26,1628.8,790.1,1710.2,1009.6,0.0
567,1,0,,,,,25,1576.9,781.8,1646.6,994.3,0.0
568,1,0,,,,,26,1629.0,790.0,1710.8,1011.1,0.0
568,1,0,,,,,25,1577.5,781.7,1647.5,994.7,0.0
569,1,0,,,,,26,1629.2,791.1,1711.3,1013.6,0.0
569,1,0,,,,,25,1577.5,780.1,1647.7,994.7,0.0
570,1,0,,,,,26,1629.7,793.1,1710.9,1013.1,0.0
570,1,0,,,,,25,1577.4,779.7,1648.2,996.6,0.0
571,1,0,,,,,26,1629.8,794.2,1710.8,1012.8,0.0
571,1,0,,,,,25,1577.4,779.9,1648.7,998.4,0.0
572,1,0,,,,,26,1629.4,792.3,1713.0,1018.0,0.0
572,1,0,,,,,25,1576.9,779.7,1649.0,1000.7,0.0
573,1,0,,,,,26,1629.8,790.5,1715.8,1023.1,0.0
573,1,0,,,,,25,1575.8,781.0,1648.3,1003.9,0.0
574,1,0,,,,,26,1630.8,793.4,1716.9,1026.1,0.0
574,1,0,,,,,25,1575.4,784.1,1647.6,1006.4,0.0
575,1,0,,,,,26,1632.6,795.9,1716.7,1021.8,0.0
575,1,0,,,,,25,1576.0,785.1,1647.5,1005.2,0.0
576,1,0,,,,,26,1634.5,798.5,1716.1,1016.3,0.0
576,1,0,,,,,25,1575.4,786.9,1646.1,1003.8,0.0
577,1,0,,,,,26,1634.9,799.1,1716.5,1015.6,0.0
577,1,0,,,,,25,1574.5,787.1,1645.8,1004.9,0.0
578,1,0,,,,,25,1573.2,787.8,1643.7,1003.7,0.0
579,1,0,,,,,25,1573.1,787.5,1643.7,1003.7,0.0
580,1,0,,,,,25,1573.1,788.2,1643.6,1003.0,0.0
580,1,0,,,,,26,1633.1,801.9,1719.6,1030.7,0.0
581,1,0,,,,,25,1572.2,787.7,1642.7,999.9,0.0
581,1,0,,,,,26,1635.2,805.6,1717.7,1020.1,0.0
582,1,0,,,,,25,1572.4,788.7,1642.0,996.4,0.0
582,1,0,,,,,26,1634.3,806.0,1721.2,1030.8,0.0
583,1,0,,,,,25,1571.8,790.2,1641.9,997.3,0.0
583,1,0,,,,,26,1634.0,806.3,1722.2,1033.3,0.0
584,1,0,,,,,25,1569.8,790.7,1641.3,1001.2,0.0
584,1,0,,,,,26,1635.1,807.0,1719.9,1022.1,0.0
585,1,0,,,,,25,1568.2,793.0,1640.2,1005.1,0.0
585,1,0,,,,,26,1633.3,806.8,1722.6,1032.6,0.0
586,1,0,,,,,25,1568.1,795.4,1640.0,1007.0,0.0
586,1,0,,,,,26,1632.1,806.4,1723.2,1035.6,0.0
587,1,0,,,,,25,1566.8,796.3,1639.4,1009.4,0.0
587,1,0,,,,,26,1631.5,806.8,1723.4,1037.6,0.0
588,1,0,,,,,25,1566.1,796.8,1638.1,1008.2,0.0
588,1,0,,,,,26,1633.5,806.9,1725.1,1038.2,0.0
589,1,0,,,,,25,1565.5,798.7,1637.3,1009.6,0.0
589,1,0,,,,,26,1630.0,807.7,1721.5,1036.6,0.0
590,1,0,,,,,25,1565.3,798.9,1636.6,1007.7,0.0
590,1,0,,,,,26,1630.3,809.6,1719.6,1031.0,0.0
590,1,0,,,,,53,1639.8,809.9,1720.4,944.5,0.0
591,1,0,,,,,25,1565.6,799.5,1636.7,1007.0,0.0
591,1,0,,,,,26,1627.9,811.1,1720.8,1041.8,0.0
592,1,0,,,,,25,1564.2,801.2,1635.8,1010.2,0.0
592,1,0,,,,,26,1626.6,813.4,1719.3,1042.9,0.0
593,1,0,,,,,25,1560.1,798.9,1634.1,1015.2,0.0
593,1,0,,,,,26,1626.2,816.1,1717.8,1042.1,0.0
594,1,0,,,,,25,1557.4,797.2,1634.0,1022.0,0.0
594,1,0,,,,,26,1624.9,817.1,1717.2,1044.4,0.0
595,1,0,,,,,25,1560.8,799.1,1635.7,1019.4,0.0
595,1,0,,,,,26,1624.6,820.5,1716.0,1045.5,0.0
596,1,0,,,,,25,1562.7,801.4,1636.9,1020.3,0.0
596,1,0,,,,,26,1623.1,821.6,1713.9,1044.1,0.0
597,1,0,,,,,25,1563.5,802.2,1637.0,1020.0,0.0
597,1,0,,,,,26,1622.8,821.9,1713.9,1045.2,0.0
598,1,0,,,,,25,1564.1,802.7,1636.6,1018.0,0.0
598,1,0,,,,,26,1623.3,822.5,1713.5,1044.3,0.0
599,1,0,,,,,25,1560.0,799.9,1634.9,1024.0,0.0
599,1,0,,,,,26,1623.1,822.1,1712.4,1043.0,0.0
600,1,0,,,,,25,1558.6,798.9,1634.2,1026.2,0.0
600,1,0,,,,,26,1623.2,821.9,1712.0,1042.5,0.0
601,1,0,,,,,25,1558.1,800.1,1634.8,1032.0,0.0
601,1,0,,,,,26,1621.5,821.2,1709.6,1040.4,0.0
602,1,0,,,,,25,1558.9,800.9,1635.6,1034.7,0.0
602,1,0,,,,,26,1617.6,819.9,1707.5,1044.2,0.0
603,1,0,,,,,25,1559.2,801.4,1636.0,1036.8,0.0
603,1,0,,,,,26,1615.3,821.0,1705.4,1046.1,0.0
604,1,0,,,,,25,1564.1,803.1,1638.5,1032.8,0.0
604,1,0,,,,,26,1614.5,823.1,1704.2,1047.3,0.0
605,1,0,,,,,25,1560.7,802.0,1636.5,1036.9,0.0
605,1,0,,,,,26,1614.6,825.3,1704.4,1050.4,0.0
606,1,0,,,,,25,1559.7,802.5,1635.8,1038.7,0.0
606,1,0,,,,,26,1614.0,828.4,1704.3,1055.3,0.0
607,1,0,,,,,25,1559.8,803.1,1636.2,1039.6,0.0
607,1,0,,,,,26,1617.8,827.4,1705.0,1048.1,0.0
608,1,0,,,,,25,1562.6,804.1,1637.9,1038.3,0.0
608,1,0,,,,,26,1615.0,827.9,1703.0,1050.8,0.0
609,1,0,,,,,25,1563.2,804.1,1637.7,1037.1,0.0
609,1,0,,,,,26,1615.6,829.4,1703.3,1052.4,0.0
610,1,0,,,,,25,1560.8,802.9,1635.9,1037.9,0.0
610,1,0,,,,,26,1617.6,831.8,1703.7,1051.4,0.0
611,1,0,,,,,25,1562.6,803.9,1636.7,1036.4,0.0
611,1,0,,,,,26,1619.6,833.0,1705.2,1052.2,0.0
612,1,0,,,,,25,1563.7,804.7,1635.8,1030.8,0.0
612,1,0,,,,,26,1622.4,835.4,1706.2,1051.1,0.0
613,1,0,,,,,25,1563.6,805.4,1635.3,1028.6,0.0
613,1,0,,,,,26,1622.8,838.0,1706.0,1052.3,0.0
614,1,0,,,,,25,1559.3,803.1,1633.5,1033.3,0.0
614,1,0,,,,,26,1623.7,839.2,1706.8,1053.9,0.0
615,1,0,,,,,25,1557.2,802.0,1632.5,1034.8,0.0
615,1,0,,,,,26,1624.9,841.9,1707.8,1056.4,0.0
616,1,0,,,,,25,1559.9,803.2,1633.3,1029.2,0.0
616,1,0,,,,,26,1626.4,843.2,1708.0,1054.0,0.0
617,1,0,,,,,25,1560.4,803.2,1634.1,1029.6,0.0
617,1,0,,,,,26,1626.8,844.6,1710.1,1058.3,0.0
618,1,0,,,,,25,1560.8,802.9,1635.2,1031.0,0.0
618,1,0,,,,,26,1627.8,845.2,1712.5,1061.5,0.0
619,1,0,,,,,25,1556.6,801.6,1633.7,1036.4,0.0
619,1,0,,,,,26,1630.0,845.3,1715.0,1062.0,0.0
620,1,0,,,,,25,1555.5,801.6,1633.7,1037.6,0.0
620,1,0,,,,,26,1628.8,846.2,1714.6,1062.8,0.0
621,1,0,,,,,25,1554.9,801.3,1633.9,1038.8,0.0
621,1,0,,,,,26,1628.2,847.0,1714.7,1063.3,0.0
622,1,0,,,,,25,1556.5,802.9,1634.2,1035.0,0.0
622,1,0,,,,,26,1628.6,848.0,1717.1,1069.6,0.0
622,1,0,,,,,55,1572.1,802.0,1636.4,1012.9,0.0
623,1,0,,,,,25,1557.8,807.6,1633.7,1035.4,0.0
623,1,0,,,,,26,1627.9,848.2,1718.1,1073.8,0.0
623,1,0,,,,,55,1572.1,802.3,1635.7,1011.0,0.0
624,1,0,,,,,26,1627.5,848.4,1718.6,1075.6,0.0
624,1,0,,,,,55,1572.5,804.0,1634.8,1008.5,0.0
625,1,0,,,,,26,1627.3,849.2,1719.3,1077.9,0.0
625,1,0,,,,,55,1573.2,807.1,1633.7,1006.2,0.0
626,1,0,,,,,26,1627.3,849.7,1720.1,1080.0,0.0
626,1,0,,,,,55,1575.0,803.8,1635.9,1004.4,0.0
627,1,0,,,,,26,1627.5,851.4,1720.4,1080.0,0.0
627,1,0,,,,,55,1574.7,802.6,1635.9,1004.5,0.0
628,1,0,,,,,26,1627.1,852.9,1720.3,1080.0,0.0
628,1,0,,,,,55,1574.8,803.6,1636.5,1006.8,0.0
629,1,0,,,,,26,1626.2,854.1,1719.8,1080.0,0.0
629,1,0,,,,,55,1574.9,803.4,1637.8,1010.2,0.0
630,1,0,,,,,26,1626.6,855.2,1720.4,1080.0,0.0
630,1,0,,,,,55,1572.2,804.8,1639.1,1026.0,0.0
631,1,0,,,,,26,1627.0,857.0,1720.7,1080.0,0.0
631,1,0,,,,,55,1571.2,806.1,1639.5,1032.8,0.0
632,1,0,,,,,26,1627.1,859.2,1720.2,1080.0,0.0
632,1,0,,,,,55,1569.9,805.8,1639.0,1035.4,0.0
633,1,0,,,,,26,1627.0,860.0,1720.2,1080.0,0.0
633,1,0,,,,,55,1569.5,805.7,1638.8,1036.2,0.0
634,1,0,,,,,26,1627.4,861.5,1720.1,1080.0,0.0
634,1,0,,,,,55,1568.7,806.0,1638.1,1037.2,0.0
635,1,0,,,,,26,1627.9,863.7,1719.9,1080.0,0.0
635,1,0,,,,,55,1568.1,808.7,1636.6,1037.4,0.0
636,1,0,,,,,26,1629.4,866.4,1720.2,1080.0,0.0
636,1,0,,,,,55,1567.5,810.3,1636.0,1039.6,0.0
637,1,0,,,,,26,1630.4,867.8,1720.4,1080.0,0.0
637,1,0,,,,,25,1564.0,809.9,1639.4,1039.4,0.0
638,1,0,,,,,26,1631.9,870.8,1720.0,1079.7,0.0
638,1,0,,,,,25,1563.1,813.2,1637.3,1038.1,0.0
639,1,0,,,,,26,1634.4,873.1,1720.9,1079.6,0.0
639,1,0,,,,,25,1561.2,815.7,1636.2,1040.2,0.0
640,1,0,,,,,26,1636.7,874.2,1721.7,1079.0,0.0
640,1,0,,,,,25,1561.1,820.5,1635.3,1038.5,0.0
641,1,0,,,,,26,1639.8,875.1,1722.7,1076.6,0.0
641,1,0,,,,,25,1561.2,823.1,1635.0,1037.4,0.0
642,1,0,,,,,26,1639.6,877.6,1721.9,1077.7,0.0
642,1,0,,,,,25,1561.5,825.4,1635.4,1040.0,0.0
643,1,0,,,,,26,1638.3,877.2,1721.6,1079.2,0.0
643,1,0,,,,,25,1560.4,829.5,1635.3,1046.2,0.0
644,1,0,,,,,26,1639.1,875.6,1723.3,1079.8,0.0
644,1,0,,,,,25,1559.1,832.0,1633.8,1046.3,0.0
645,1,0,,,,,26,1638.7,875.1,1723.7,1080.0,0.0
645,1,0,,,,,25,1558.7,832.8,1633.7,1048.6,0.0
646,1,0,,,,,26,1638.7,878.4,1723.2,1080.0,0.0
646,1,0,,,,,25,1556.8,835.4,1631.2,1047.8,0.0
647,1,0,,,,,26,1639.3,881.7,1723.4,1080.0,0.0
647,1,0,,,,,25,1557.4,838.7,1630.3,1046.8,0.0
648,1,0,,,,,26,1642.8,883.4,1726.6,1080.0,0.0
648,1,0,,,,,25,1555.7,842.2,1627.9,1045.0,0.0
649,1,0,,,,,26,1647.5,886.2,1730.1,1080.0,0.0
649,1,0,,,,,25,1554.4,845.4,1626.3,1045.0,0.0
650,1,0,,,,,26,1650.4,886.9,1732.3,1080.0,0.0
650,1,0,,,,,25,1553.4,848.4,1624.9,1044.2,0.0
651,1,0,,,,,26,1663.0,887.5,1734.3,1056.5,0.0
651,1,0,,,,,25,1553.0,848.4,1623.8,1040.4,0.0
652,1,0,,,,,26,1670.0,891.4,1735.1,1045.7,0.0
652,1,0,,,,,25,1553.5,850.3,1626.2,1044.2,0.0
653,1,0,,,,,26,1673.3,890.1,1737.8,1043.9,0.0
653,1,0,,,,,25,1551.4,851.9,1627.1,1051.0,0.0
654,1,0,,,,,26,1672.5,890.9,1745.7,1067.6,0.0
654,1,0,,,,,25,1551.0,855.7,1628.0,1055.7,0.0
655,1,0,,,,,26,1672.5,894.3,1746.9,1075.8,0.0
655,1,0,,,,,25,1550.5,857.4,1629.3,1059.3,0.0
656,1,0,,,,,26,1675.9,890.9,1748.2,1067.0,0.0
656,1,0,,,,,25,1548.7,857.4,1630.1,1063.0,0.0
657,1,0,,,,,26,1679.3,890.7,1747.6,1055.7,0.0
657,1,0,,,,,25,1546.9,860.3,1631.7,1072.8,0.0
658,1,0,,,,,26,1679.2,892.4,1748.8,1061.0,0.0
658,1,0,,,,,25,1544.8,860.0,1631.3,1077.1,0.0
658,1,0,,,,,59,1544.3,887.4,1616.7,1078.6,0.0
659,0,0,,,,,26,1679.5,893.5,1752.0,1070.6,0.0
659,0,0,,,,,25,1546.3,862.6,1633.1,1078.8,0.0
660,0,0,,,,,26,1679.3,894.1,1753.6,1076.5,0.0
660,0,0,,,,,25,1547.3,867.6,1633.5,1079.7,0.0
661,0,0,,,,,26,1686.6,897.3,1752.3,1058.5,0.0
661,0,0,,,,,25,1547.6,872.1,1633.4,1080.0,0.0
662,1,0,,,,,26,1686.3,899.8,1753.7,1065.5,0.0
662,1,0,,,,,25,1549.0,880.6,1631.9,1080.0,0.0
663,1,0,,,,,26,1689.3,900.5,1756.5,1064.6,0.0
663,1,0,,,,,25,1549.2,879.1,1633.8,1080.0,0.0
664,1,0,,,,,26,1686.7,902.1,1758.1,1074.9,0.0
664,1,0,,,,,25,1549.6,880.3,1635.0,1080.0,0.0
665,0,0,,,,,26,1689.4,904.0,1761.0,1078.0,0.0
665,0,0,,,,,25,1549.9,882.6,1635.8,1080.0,0.0
666,0,0,,,,,26,1693.0,904.7,1763.9,1077.4,0.0
666,0,0,,,,,25,1551.1,884.7,1637.6,1080.0,0.0
667,0,0,,,,,26,1694.8,906.4,1765.8,1079.5,0.0
667,0,0,,,,,25,1552.8,886.3,1640.1,1080.0,0.0
668,0,0,,,,,26,1696.3,907.6,1767.0,1079.6,0.0
668,0,0,,,,,25,1551.6,888.0,1639.2,1080.0,0.0
668,0,0,,,,,60,440.7,445.7,478.3,517.1,0.0
669,0,0,,,,,26,1698.5,910.1,1768.4,1078.3,0.0
669,0,0,,,,,25,1550.6,889.0,1638.7,1080.0,0.0
669,0,0,,,,,61,1697.8,908.6,1803.7,1078.2,0.0
670,0,0,,,,,26,1699.0,910.9,1769.1,1077.8,0.0
670,0,0,,,,,25,1550.0,889.3,1638.8,1080.0,0.0
670,0,0,,,,,61,1698.4,909.2,1804.0,1078.1,0.0
671,1,0,,,,,26,1700.0,912.0,1770.3,1078.0,0.0
671,1,0,,,,,25,1549.0,889.8,1638.4,1080.0,0.0
671,1,0,,,,,61,1699.7,910.6,1804.8,1078.3,0.0
672,1,0,,,,,25,1549.3,890.3,1638.5,1080.0,0.0
672,1,0,,,,,61,1701.0,911.5,1805.8,1078.5,0.0
672,1,0,,,,,60,440.7,445.8,478.3,517.1,0.0
673,0,0,,,,,25,1550.5,891.0,1639.0,1080.0,0.0
673,0,0,,,,,61,1702.8,911.7,1807.7,1078.5,0.0
674,0,0,,,,,25,1550.6,891.9,1638.3,1080.0,0.0
674,0,0,,,,,61,1704.0,911.5,1809.3,1078.8,0.0
675,1,0,,,,,25,1546.7,892.9,1634.6,1080.0,0.0
675,1,0,,,,,61,1705.4,910.8,1810.8,1078.7,0.0
676,0,0,,,,,25,1543.3,896.1,1629.5,1076.8,0.0
676,0,0,,,,,61,1706.0,910.8,1811.5,1078.8,0.0
677,0,0,,,,,25,1552.5,899.6,1631.5,1065.1,0.0
677,0,0,,,,,61,1706.9,912.2,1811.3,1078.5,0.0
678,0,0,,,,,25,1552.5,901.5,1633.6,1072.0,0.0
678,0,0,,,,,61,1707.6,911.8,1811.7,1077.7,0.0
679,0,0,,,,,61,1708.0,911.4,1812.2,1078.0,0.0
679,0,0,,,,,59,1549.3,903.4,1621.7,1080.0,0.0
680,1,0,,,,,61,1708.3,910.9,1813.0,1078.8,0.0
680,1,0,,,,,25,1553.5,906.9,1634.7,1078.4,0.0
681,0,0,,,,,61,1708.3,913.0,1812.0,1079.6,0.0
681,0,0,,,,,25,1554.6,911.3,1634.4,1079.8,0.0
682,1,0,,,,,61,1708.3,913.2,1811.8,1079.9,0.0
682,1,0,,,,,25,1554.5,913.8,1633.7,1080.0,0.0
683,1,0,,,,,26,1728.0,915.5,1800.9,1080.0,0.0
684,1,0,,,,,26,1731.9,916.2,1805.0,1078.1,0.0
684,1,0,,,,,25,1546.6,916.4,1627.1,1080.0,0.0
685,1,0,,,,,26,1732.1,917.7,1806.2,1077.8,0.0
685,1,0,,,,,25,1546.4,918.3,1627.9,1080.0,0.0
686,1,0,,,,,26,1731.2,916.9,1807.1,1077.4,0.0
686,1,0,,,,,25,1552.3,922.2,1632.4,1080.0,0.0
687,1,0,,,,,26,1732.2,916.0,1808.9,1077.3,0.0
687,1,0,,,,,25,1554.7,924.1,1634.2,1080.0,0.0
688,1,0,,,,,25,1556.2,926.2,1634.9,1080.0,0.0
688,1,0,,,,,61,1719.3,915.2,1818.6,1078.1,0.0
689,1,0,,,,,25,1558.2,928.4,1636.0,1080.0,0.0
689,1,0,,,,,61,1719.2,914.6,1818.3,1079.2,0.0
690,1,0,,,,,25,1559.6,929.0,1637.1,1080.0,0.0
690,1,0,,,,,61,1721.6,915.6,1818.9,1078.5,0.0
691,1,0,,,,,25,1562.4,931.2,1638.8,1080.0,0.0
691,1,0,,,,,61,1724.8,916.5,1820.6,1078.8,0.0
692,1,0,,,,,25,1563.8,933.7,1639.2,1080.0,0.0
692,1,0,,,,,61,1728.0,917.3,1822.2,1079.0,0.0
693,1,0,,,,,25,1565.1,935.6,1640.0,1080.0,0.0
693,1,0,,,,,61,1730.5,917.1,1823.8,1079.0,0.0
694,1,0,,,,,25,1566.5,937.5,1641.0,1080.0,0.0
694,1,0,,,,,61,1732.9,918.5,1823.8,1078.0,0.0
695,1,0,,,,,25,1567.9,939.5,1642.1,1080.0,0.0
695,1,0,,,,,61,1736.0,917.3,1826.6,1077.3,0.0
696,1,0,,,,,25,1569.9,941.8,1643.5,1080.0,0.0
696,1,0,,,,,26,1745.4,917.4,1822.4,1077.0,0.0
697,1,0,,,,,25,1571.7,944.5,1644.4,1080.0,0.0
697,1,0,,,,,26,1747.0,918.8,1823.9,1076.9,0.0
698,1,0,,,,,25,1573.4,945.6,1646.0,1080.0,0.0
698,1,0,,,,,26,1748.3,919.5,1825.2,1077.0,0.0
699,1,0,,,,,25,1578.2,947.4,1650.5,1080.0,0.0
699,1,0,,,,,26,1749.8,919.2,1827.3,1077.2,0.0
700,0,0,,,,,25,1581.2,951.8,1651.7,1080.0,0.0
700,0,0,,,,,26,1751.4,918.2,1829.9,1077.8,0.0
701,0,0,,,,,25,1584.1,952.5,1654.9,1080.0,0.0
701,0,0,,,,,26,1751.1,918.3,1830.1,1077.6,0.0
702,0,0,,,,,25,1584.9,952.7,1656.2,1080.0,0.0
702,0,0,,,,,26,1750.8,918.3,1830.3,1077.5,0.0
703,0,0,,,,,25,1587.4,955.5,1657.7,1080.0,0.0
703,0,0,,,,,26,1752.2,919.6,1831.3,1077.5,0.0
704,0,0,,,,,25,1589.0,957.9,1658.7,1080.0,0.0
704,0,0,,,,,26,1752.6,921.3,1831.6,1077.3,0.0
705,0,0,,,,,25,1590.8,959.4,1660.4,1080.0,0.0
705,0,0,,,,,26,1753.9,923.2,1832.4,1077.2,0.0
706,1,0,,,,,25,1595.6,960.8,1666.3,1080.0,0.0
706,1,0,,,,,26,1754.0,923.9,1833.1,1077.7,0.0
707,0,0,,,,,25,1595.9,960.5,1667.7,1080.0,0.0
707,0,0,,,,,26,1754.2,925.1,1833.3,1077.1,0.0
708,1,0,,,,,25,1598.8,962.0,1670.5,1079.6,0.0
708,1,0,,,,,26,1755.7,926.6,1833.9,1076.0,0.0
709,0,0,,,,,25,1601.9,962.8,1674.2,1079.3,0.0
709,0,0,,,,,26,1756.6,928.1,1834.5,1075.3,0.0
710,0,0,,,,,25,1605.1,964.3,1677.3,1079.8,0.0
710,0,0,,,,,26,1758.4,928.2,1836.4,1074.8,0.0
711,0,0,,,,,25,1610.7,966.7,1682.9,1079.9,0.0
711,0,0,,,,,26,1760.1,927.8,1838.5,1074.4,0.0
712,1,0,,,,,25,1616.3,969.1,1688.3,1080.0,0.0
712,1,0,,,,,26,1760.8,929.1,1839.9,1075.9,0.0
713,0,0,,,,,25,1620.4,970.9,1691.9,1080.0,0.0
713,0,0,,,,,26,1761.1,928.7,1840.5,1075.1,0.0
714,0,0,,,,,25,1626.2,971.7,1698.0,1079.6,0.0
714,0,0,,,,,26,1761.6,928.6,1841.5,1074.8,0.0
715,1,0,,,,,25,1631.9,974.2,1703.3,1079.7,0.0
715,1,0,,,,,26,1768.0,928.6,1846.1,1072.2,0.0
716,1,0,,,,,25,1636.9,976.3,1707.3,1079.4,0.0
716,1,0,,,,,26,1769.7,928.3,1847.5,1071.8,0.0
717,1,0,,,,,25,1641.4,978.3,1711.2,1079.2,0.0
717,1,0,,,,,26,1772.1,931.0,1848.8,1072.0,0.0
718,1,0,,,,,25,1652.0,983.1,1719.4,1078.2,0.0
718,1,0,,,,,26,1769.4,933.2,1848.0,1074.7,0.0
719,1,0,,,,,25,1658.0,983.8,1726.2,1078.6,0.0
719,1,0,,,,,26,1772.2,934.9,1851.3,1075.7,0.0
720,1,0,,,,,25,1663.1,986.4,1729.6,1078.0,0.0
720,1,0,,,,,26,1780.1,935.0,1858.2,1074.7,0.0
721,1,0,,,,,25,1667.1,986.8,1734.2,1078.1,0.0
721,1,0,,,,,26,1786.3,935.9,1862.7,1073.9,0.0
722,1,0,,,,,26,1790.5,937.5,1865.6,1074.4,0.0
723,1,0,,,,,26,1795.1,939.2,1867.7,1072.7,0.0
723,1,0,,,,,25,1675.9,987.5,1744.3,1079.7,0.0
724,1,0,,,,,26,1800.6,941.3,1869.9,1070.0,0.0
725,1,0,,
726,1,0,,
727,1,0,,
728,1,0,,
729,1,0,,
730,1,0,,
731,1,0,,
732,1,0,,
733,1,0,,
734,1,0,,
735,1,0,,
736,1,0,,
737,1,0,,
738,1,0,,
739,1,0,,
740,1,0,,
741,1,0,,
742,1,0,,
743,1,0,,
744,1,0,,
745,1,0,,
746,1,0,,
747,1,0,,
748,1,0,,
749,1,0,,
750,1,0,,
751,1,0,,
752,1,0,,
753,1,0,,
754,1,0,,
755,1,0,,
756,1,0,,
757,1,0,,
758,1,0,,
759,1,0,,
760,1,0,,
761,1,0,,
762,1,0,,
763,1,0,,
764,1,0,,
765,1,0,,
766,1,0,,
767,1,0,,
768,1,0,,
769,1,0,,
770,1,0,,
771,1,0,,
772,1,0,,
773,1,0,,
774,1,0,,
775,1,0,,
776,1,0,,
777,1,0,,
778,0,0,,
779,0,0,,
780,0,0,,
781,0,0,,
782,0,0,,
783,0,0,,
784,0,0,,
785,0,0,,
786,0,0,,
787,0,0,,
788,0,0,,
789,0,0,,
790,0,0,,
791,1,0,,
792,1,0,,
793,1,0,,
794,1,0,,
795,1,0,,
796,1,0,,
797,1,0,,
798,1,0,,
799,1,0,,
800,1,0,,
801,1,0,,
802,1,0,,
803,1,0,,
804,1,0,,
805,1,0,,
806,1,0,,
807,1,0,,
808,1,0,,
809,1,0,,
810,1,0,,
811,1,0,,
812,1,0,,
813,1,0,,
814,1,0,,
815,1,0,,
816,1,0,,
817,1,0,,
818,1,0,,
819,1,0,,
820,1,0,,
821,1,0,,
822,1,0,,
823,1,0,,
824,1,0,,
825,1,0,,
826,1,0,,
827,1,0,,
828,1,0,,
829,1,0,,
830,1,0,,
831,1,0,,
832,1,0,,
833,1,0,,
834,1,0,,
835,1,0,,
836,1,0,,
837,1,0,,
838,1,0,,
839,1,0,,
840,1,0,,
841,1,0,,
842,1,0,,
843,1,0,,
844,1,0,,
845,1,0,,
846,1,0,,
847,1,0,,
848,1,0,,
849,1,0,,
850,1,0,,
851,1,0,,
852,1,0,,
853,1,0,,
854,1,0,,
855,1,0,,
856,1,0,,
857,1,0,,
858,1,0,,
859,1,0,,
860,1,0,,
861,1,0,,
862,1,0,,
863,1,0,,
864,1,0,,
865,1,0,,
866,1,0,,
867,1,0,,
868,1,0,,
869,1,0,,
870,1,0,,
871,1,0,,
872,1,0,,
873,1,0,,
874,1,0,,
875,1,0,,
876,1,0,,
877,1,0,,
878,1,0,,
879,1,0,,
880,1,0,,
881,1,0,,
882,1,0,,
883,1,0,,
884,1,0,,
885,1,0,,
886,1,0,,
887,1,0,,
888,1,0,,
889,1,0,,
890,1,0,,
891,1,0,,
892,1,0,,
893,1,0,,
894,1,0,,
895,1,0,,
896,1,0,,
897,1,0,,
898,1,0,,
899,1,0,,
900,1,0,,
901,1,0,,
902,1,0,,
903,1,0,,
904,1,0,,
905,1,0,,
906,1,0,,
907,1,0,,
908,1,0,,
909,1,0,,
910,1,0,,
911,1,0,,
912,1,0,,
913,1,0,,
914,1,0,,
915,1,0,,
916,1,0,,
917,1,0,,
918,1,0,,
919,1,0,,
920,1,0,,
921,1,0,,
922,1,0,,
923,1,0,,
924,1,0,,
925,1,0,,
926,1,0,,
927,1,0,,
928,1,0,,
929,1,0,,
930,1,0,,
931,1,0,,
932,1,0,,
933,1,0,,
934,1,0,,
935,1,0,,
936,1,0,,
937,1,0,,
938,1,0,,
939,1,0,,
940,1,0,,
941,1,0,,
942,1,0,,
943,1,0,,
944,1,0,,
945,1,0,,
946,1,0,,
947,1,0,,
948,1,0,,
949,1,0,,
950,1,0,,
951,1,0,,
952,1,0,,
953,1,0,,
954,1,0,,
955,1,0,,
956,1,0,,
957,1,0,,
958,1,0,,
959,1,0,,
960,1,0,,
961,1,0,,
962,1,0,,
963,1,0,,
964,1,0,,
965,1,0,,
966,1,0,,
967,1,0,,
968,1,0,,
969,1,0,,
970,1,0,,
971,1,0,,
972,1,0,,
973,1,0,,
974,1,0,,
975,1,0,,
976,1,0,,
977,1,0,,
978,1,0,,
979,1,0,,
980,1,0,,
981,1,0,,
982,1,0,,
983,1,0,,
984,1,0,,
985,1,0,,
986,1,0,,
987,1,0,,
988,1,0,,
989,1,0,,
990,1,0,,
991,1,0,,
992,1,0,,
993,1,0,,
994,1,0,,
995,1,0,,
996,1,0,,
997,1,0,,
998,1,0,,
999,1,0,,
1000,1,0,,
1001,1,0,,
1002,1,0,,
1003,1,0,,
1004,1,1,,
1005,1,1,,
1006,1,1,,
1007,1,1,,
1008,1,1,,
1009,1,1,,
1010,1,1,,
1011,1,1,,
1012,1,1,,
1013,1,1,,
1014,1,1,,
1015,0,1,,
1016,0,1,,
1017,0,1,,
1018,0,1,,
1019,0,1,,
1020,0,1,,
1021,0,1,,
1022,0,1,,
1023,0,1,,
1024,0,1,,
1025,0,1,,
1026,0,1,,
1027,0,1,,
1028,0,1,,
1029,0,1,,
1030,0,1,,
1031,0,1,,
1032,0,1,,
1033,0,1,,
1034,0,1,,
1035,0,1,,
1036,0,1,,
1037,0,1,,
1038,0,1,,
1039,0,1,,
1040,0,1,,
1041,0,1,,
1042,0,1,,
1043,0,1,,
1044,1,1,,
1045,1,1,,
1046,1,1,,
1047,1,1,,
1048,1,1,,
1049,1,1,,
1050,1,1,,
1051,1,1,,
1052,1,1,,
1053,1,1,,
1054,1,1,,
1055,1,1,,
1056,1,1,,
1057,1,1,,
1058,1,1,,
1059,1,1,,
1060,1,1,,
1061,1,1,,
1062,1,1,,
1063,1,1,,
1064,1,1,,
1065,0,1,,
1066,1,1,,
1067,1,1,,
1068,0,1,,
1069,0,1,,
1070,0,1,,
1071,0,1,,
1072,1,1,,
1073,1,1,,
1074,0,1,,
1075,0,1,,
1076,0,1,,
1077,1,1,,
1078,0,1,,
1079,0,1,,
1080,1,1,,
1081,0,1,,
1082,0,1,,
1083,0,1,,
1084,0,1,,
1085,0,1,,
1086,0,1,,
1087,0,1,,
1088,0,1,,
1089,0,1,,
1090,1,1,,
1091,0,1,,
1092,1,1,,
1093,1,1,,
1094,1,1,,
1095,1,1,,
1096,0,1,,
1097,0,1,,
1098,0,1,,
1099,0,1,,
1100,0,1,,
1101,0,1,,
1102,0,1,,
1103,0,1,,
1104,0,1,,
1105,0,1,,
1106,0,1,,
1107,0,1,,
1108,0,1,,
1109,0,1,,
1110,0,1,,
1111,1,1,,
1112,1,1,,
1113,1,1,,
1114,1,1,,
1115,1,1,,
1116,1,1,,
1117,1,1,,
1118,1,1,,
1119,1,1,,
1120,1,1,,
1121,1,1,,
1122,1,1,,
1123,1,1,,
1124,0,1,,
1125,0,1,,
1126,1,1,,
1127,0,1,,
1128,0,1,,
1129,0,1,,
1130,0,1,,
1131,1,1,,
1132,0,1,,
1133,1,1,,
1134,1,1,,
1135,1,1,,
1136,0,1,,
1137,0,1,,
1138,0,1,,
1139,0,1,,
1140,0,1,,
1141,1,1,,
1142,0,1,,
1143,0,1,,
1144,0,1,,
1145,0,1,,
1146,0,1,,
1147,0,1,,
1148,1,1,,
1149,0,1,,
1150,0,1,,
1151,0,1,,
1152,0,1,,
1153,1,1,,
1154,1,1,,
1155,1,1,,
1156,0,1,,
1157,1,1,,
1158,0,1,,
1159,1,1,,
1160,1,1,,
1161,1,1,,
1162,0,1,,
1163,1,1,,
1164,1,1,,
1165,1,1,,
1166,1,1,,
1167,1,1,,
1168,1,1,,
1169,1,1,,
1170,1,1,,
1171,1,1,,
1172,1,1,,
